Date,Open,High,Low,Close,TilsonChannel
1707087600000,165.89,166.0,165.24,165.24,0
1707088500000,165.71,165.71,165.71,165.71,0
1707089400000,165.99,166.06,165.57,165.61,0
1707090300000,166.01,166.01,165.95,165.98,0
1707091200000,166.12,166.5,165.91,165.91,0
1707092100000,165.91,166.17,165.36,165.97,15.952553282652498538057893862
1707093000000,165.95,165.96,165.5,165.74,27.461521803346358122117004020
1707093900000,165.76,166.08,165.46,165.75,45.142715411149114657490185642
1707094800000,165.78,165.99,165.22,165.22,71.921276160376756981972510856
1707095700000,165.52,166.3,165.52,166.3,112.02358362425494019021358060
1707096600000,166.3,167.1,166.3,167.0,171.47909782051949996250496896
1707097500000,167.19,167.61,166.54,167.42,197.06280272896868158330731362
1707098400000,167.37,168.01,167.27,167.84,221.15130557470085231521076080
1707099300000,167.89,168.2,167.51,167.79,240.47069204680622327032580018
1707100200000,167.64,167.88,167.46,167.48,250.09764712454176517464198900
1707101100000,167.5,167.56,166.72,166.74,242.74294928264869105689652144
1707102000000,166.83,166.83,166.5,166.5,208.27838874544887643571679208
1707102900000,166.47,166.55,166.31,166.31,178.47626098539437621900641712
1707103800000,166.36,166.69,166.28,166.29,156.43231684387651119315810752
1707104700000,166.29,166.55,166.29,166.55,145.01348122066094106901474348
1707105600000,166.63,167.32,166.63,167.17,145.40489181758515230543977158
1707106500000,167.03,167.45,167.03,167.45,154.87778779201897305045619127
1707107400000,167.41,167.55,167.38,167.51,162.05707246477183637784013015
1707108300000,167.43,167.58,167.21,167.48,166.59259596290956847508233623
1707109200000,167.44,167.64,167.39,167.62,168.56714305185512525510462218
1707110100000,167.66,167.9,167.45,167.45,168.55145245503137970184109370
1707111000000,167.42,167.48,167.2,167.29,167.67702095765000842867618746
1707111900000,167.23,167.27,167.18,167.18,167.13651643776784077929293399
1707112800000,167.15,167.21,166.8,166.89,166.94990022533744212511645044
1707113700000,166.79,166.84,166.44,166.53,167.05786447729480220737946245
1707114600000,166.46,166.51,166.27,166.31,167.29905839483667747388457658
1707115500000,166.31,166.48,166.21,166.21,167.50884880059987675321252790
1707116400000,166.2,166.2,166.04,166.08,167.59146015478381188773381023
1707117300000,166.0,166.94,165.93,166.92,167.53124433051386109695362784
1707118200000,166.6,166.95,166.6,166.93,167.31523152338262223939551008
1707119100000,166.97,167.01,165.86,165.86,166.96945200283072269810095474
1707120000000,165.84,165.91,165.57,165.84,166.60614731905888710223533407
1707120900000,165.86,166.34,165.79,166.34,166.29943385112417525532113985
1707121800000,166.35,166.77,166.18,166.77,166.10356070055361274929279289
1707122700000,166.52,166.63,166.16,166.16,165.95791199208860733981644790
1707123600000,166.24,166.24,165.99,166.08,165.89265833457939589460975208
1707124500000,166.04,166.71,165.95,166.7,165.97266250023460750430310216
1707125400000,166.32,166.32,165.79,165.84,166.09155606764891867428812726
1707126300000,165.86,166.3,165.81,165.91,166.19408087980818556428300591
1707127200000,165.93,166.05,165.63,165.64,166.17938056261125267259016932
1707128100000,165.65,165.73,165.53,165.73,166.19730760666647147930839778
1707129000000,165.99,166.58,165.92,166.58,166.28390439948815432497900963
1707129900000,166.42,166.5,165.72,165.78,166.23553512567769601204981223
1707130800000,165.85,166.27,165.82,166.13,166.14239949457560399182074548
1707131700000,166.39,166.43,166.26,166.43,166.00971480244450135565517380
1707132600000,166.22,166.35,165.98,166.22,165.97872138688900251835787309
1707133500000,165.95,165.95,165.6,165.6,165.97410966853644285863943861
1707134400000,165.65,165.65,165.38,165.4,165.87123788676833697231690079
1707135300000,165.48,165.77,165.48,165.77,165.89205493832864992564670455
1707136200000,165.65,165.65,165.05,165.28,165.90533493655439723854571459
1707137100000,165.16,165.8,165.11,165.23,165.91597929479137488104748622
1707138000000,165.23,165.23,164.88,165.2,165.87805302478251682065599340
1707138900000,165.37,165.43,164.64,164.64,165.80023123037507811729934135
1707139800000,164.76,165.08,164.45,164.92,165.78809758439715212348263056
1707140700000,164.74,164.83,164.25,164.73,165.63561965068080377104108231
1707141600000,164.68,164.68,164.25,164.54,165.41638598066932858705867530
1707142500000,164.62,164.74,164.1,164.36,165.16915935489627074844362006
1707143400000,164.34,164.48,164.0,164.18,164.92892171329796785781967505
1707144300000,164.3,164.63,163.98,164.51,164.73902772656752722350053965
1707145200000,164.15,164.36,163.68,163.81,164.50225665026616940530152940
1707146100000,163.85,163.88,163.63,163.84,164.34270230141522245074455945
1707147000000,163.65,164.34,163.64,163.84,164.22934911379976007971219176
1707147900000,163.85,163.89,163.6,163.78,164.14458157287313617837525461
1707148800000,163.79,164.4,163.79,164.36,164.09676280332645244845502294
1707149700000,164.44,164.87,164.38,164.82,163.98600096927864186986305517
1707150600000,164.6,164.7,164.08,164.15,163.91521773087222025584454708
1707151500000,164.21,164.66,164.16,164.48,163.86949157474208938944560353
1707152400000,164.54,164.89,164.39,164.89,163.86888773783011819233283100
1707153300000,164.91,165.17,164.85,164.85,163.92992992184050542606166225
1707154200000,164.81,165.12,164.81,165.06,163.99160394109131855879487274
1707155100000,165.02,165.25,164.4,164.41,164.10621217948512211338340563
1707156000000,164.4,164.56,164.39,164.5,164.30644923291439155559851963
1707156900000,164.5,164.54,164.42,164.54,164.52439020201117947993418238
1707157800000,164.67,164.73,164.47,164.47,164.71305138181766002665669112
1707158700000,164.52,165.19,164.44,165.11,164.84768910385946196815973865
1707159600000,165.14,165.3,164.87,165.17,164.91387565523489757243686672
1707160500000,165.26,165.94,165.18,165.75,165.02180350081895060724131927
1707161400000,165.79,166.4,165.43,165.69,165.04464872091263305620665230
1707162300000,165.75,165.77,165.51,165.59,165.00537643450507783728224513
1707163200000,165.76,165.76,165.41,165.51,164.98425365734125420836520886
1707164100000,165.66,165.66,165.25,165.42,164.97881699259373926346316617
1707165000000,165.57,165.82,165.4,165.79,165.10916573109443440486853497
1707165900000,165.75,166.0,165.48,166.0,165.24452238135950430964195129
1707166800000,166.04,166.3,165.74,165.75,165.41978041817567561682313777
1707167700000,165.99,165.99,164.93,165.02,165.62003116568070648867731592
1707168600000,165.09,165.54,164.92,165.49,165.78954376878983699694141345
1707169500000,165.27,165.27,164.62,164.62,165.92417479147435468909590215
1707170400000,164.54,164.73,164.36,164.55,165.94403862354550527282736581
1707171300000,164.55,164.55,164.3,164.31,165.86641558192622765745464420
1707172200000,164.24,164.52,163.89,164.52,165.70935816708728560595831763
1707173100000,164.51,164.73,164.46,164.73,165.52159513598710787338711767
1707174000000,164.73,164.8,164.46,164.7,165.24252330513330177860030556
1707174900000,164.77,165.0,164.77,165.0,164.95931895878683832384938516
1707175800000,164.95,165.47,164.95,165.47,164.70046728613519948926871576
1707176700000,165.45,165.51,165.44,165.44,164.53028949713685886173464768
1707177600000,165.09,165.09,164.78,164.78,164.43438760837336643561258339
1707178500000,164.9,165.06,164.9,164.97,164.35429361211203528747355282
1707179400000,164.97,165.47,164.97,165.4,164.41460094195421431394246152
1707180300000,165.38,165.44,165.0,165.0,164.54116332580548190692362486
1707181200000,164.93,165.67,164.93,165.67,164.73870838503800015495577834
1707182100000,165.69,165.8,165.62,165.8,164.94846562574838735356681976
1707183000000,165.86,166.01,165.42,165.53,165.19066163643599395064329730
1707183900000,165.55,165.69,164.88,165.69,165.43298108983858843070821445
1707184800000,165.78,166.2,165.62,166.2,165.56865766580907808949778087
1707185700000,166.2,166.66,166.15,166.15,165.64926404970260728485084214
1707186600000,166.42,166.62,166.42,166.62,165.68891820779852365127170841
1707187500000,166.62,166.67,166.44,166.65,165.75812991504239466013909833
1707188400000,166.61,166.61,166.08,166.35,165.83663186256442004671218128
1707189300000,166.29,166.56,166.28,166.47,165.94102255358122949800066971
1707190200000,166.34,166.49,166.22,166.25,166.09586112475950928546411752
1707191100000,166.23,166.33,165.91,165.95,166.26397485170318667921746790
1707192000000,166.01,166.49,165.84,166.16,166.43222244331265019983704919
1707192900000,166.44,166.63,166.44,166.54,166.58648494963920587341359378
1707193800000,166.56,166.68,166.56,166.61,166.69168741173702933196269817
1707194700000,166.48,166.55,166.09,166.15,166.69003547780601049431106023
1707195600000,165.97,166.5,165.69,166.5,166.63994020968066811493862033
1707196500000,166.43,166.43,166.29,166.4,166.55721547105061182722029787
1707197400000,166.43,166.52,166.3,166.33,166.47728430526687756939971565
1707198300000,166.47,166.55,165.96,166.22,166.38731182472368853041903390
1707199200000,166.27,166.61,166.27,166.61,166.29148320160034622999262697
1707200100000,166.57,166.67,166.53,166.57,166.27770517393235872707810764
1707201000000,166.56,166.58,165.52,165.91,166.27712224978690769440705748
1707201900000,165.88,166.04,165.63,165.64,166.28848708026730330236240439
1707202800000,165.77,165.77,147.37,148.1,165.98654447497300871696363447
1707203700000,148.34,148.43,147.35,147.78,165.65539274688971580817266725
1707204600000,148.01,148.1,144.22,146.66,165.01882503568444732450811891
1707205500000,146.52,148.1,145.2,147.84,163.87443364368578888495760942
1707206400000,147.84,147.9,145.26,146.41,161.97499162033227297676930694
1707207300000,146.43,146.95,143.43,144.55,158.93049779721378098756616108
1707208200000,144.57,145.17,140.63,142.81,156.01314755528548169469506989
1707209100000,142.8,143.5,141.85,142.74,152.47574219727506193685747456
1707210000000,142.51,142.51,139.1,139.78,148.48180184376444323903250757
1707210900000,139.8,140.22,135.54,136.78,144.21043417165767743017328710
1707211800000,136.79,142.06,136.13,138.42,140.44072617525846068068873536
1707212700000,138.36,139.33,137.34,138.8,138.39920421017386739223012315
1707213600000,138.81,141.03,138.61,140.04,136.86789491706629451733167440
1707214500000,139.96,141.4,139.79,140.78,135.87069784213556940545832854
1707215400000,140.73,141.9,138.82,139.12,135.50617923817897407597222070
1707216300000,139.08,141.46,137.83,140.56,136.12253299240314214999470627
1707217200000,140.48,140.48,139.12,139.49,137.12285425831480458009623024
1707218100000,139.52,140.02,139.01,139.96,137.82837044493168897392764846
1707219000000,139.91,140.27,139.57,139.69,138.11394388952753049441657197
1707219900000,139.65,139.65,137.0,138.22,138.27584549918327358625421783
1707220800000,138.2,138.2,136.41,136.67,138.61444087390884904437280628
1707221700000,136.66,136.66,132.2,133.9,138.72468195332278847503103853
1707222600000,133.85,134.33,130.0,132.07,138.99082540583151358605158942
1707223500000,132.0,133.01,131.6,132.99,139.10971610957632678885675142
1707224400000,132.89,132.89,121.51,123.36,138.78336690653807295373051538
1707225300000,123.42,125.92,122.72,124.62,138.10065128512135446228920772
1707226200000,124.85,126.36,123.88,125.82,136.62374477071109770079221877
1707227100000,125.81,126.76,122.61,124.93,134.67587143746326840795193637
1707228000000,124.82,126.06,123.04,124.85,132.25627146998222880511706509
1707228900000,124.8,125.8,124.11,124.53,129.32618368032105095051994455
1707229800000,124.61,124.97,118.1,119.02,126.87970149888581079462939388
1707230700000,119.12,123.74,118.6,120.12,124.62747043940874967898379889
1707231600000,120.28,120.69,107.61,108.8,122.41170764143180456642501445
1707232500000,108.82,113.05,107.04,111.2,120.51712968320040535406773907
1707233400000,111.11,112.51,106.59,112.15,118.80022041865953774304717985
1707234300000,112.26,121.5,112.25,119.15,117.86848271220833540586865655
1707235200000,119.07,119.3,114.04,114.76,116.87669545133419999040244254
1707236100000,114.63,117.47,113.85,114.99,115.41587028112464105780942445
1707237000000,114.96,115.93,112.58,113.08,114.46770494336610096378140372
1707237900000,113.01,114.04,110.56,111.09,113.36831274597220915193545138
1707238800000,110.91,112.92,110.3,111.07,112.42034922342264989175698947
1707239700000,111.08,112.93,108.09,111.09,111.20818152601789910062681145
1707240600000,110.99,110.99,108.82,110.11,110.34227313485894268019394888
1707241500000,110.11,112.07,105.77,107.05,110.42570916610060355888089719
1707242400000,106.9,108.74,103.0,105.13,110.48042271630375728112251958
1707243300000,104.93,105.24,100.12,100.7,110.52864405873662671393651423
1707244200000,100.75,104.18,100.65,101.42,110.23510895852390847068340081
1707245100000,101.53,105.69,101.3,102.64,109.94890771469898353905979438
1707246000000,102.48,103.5,99.79,101.01,109.04480480707461955432511811
1707246900000,101.01,101.45,97.15,99.18,107.40417963803573109378231980
1707247800000,99.12,100.05,95.28,98.56,105.17936822365648918653279265
1707248700000,98.64,99.39,97.51,99.25,102.84075545315972809526508134
1707249600000,99.28,103.0,99.21,101.56,100.71761597728354500412934585
1707250500000,101.51,108.0,101.51,106.58,98.95360225108413206278190898
1707251400000,106.51,108.37,106.0,107.85,98.00652097228276661315824842
1707252300000,107.88,108.94,106.36,108.0,97.79193038093350697865011524
1707253200000,107.86,109.05,107.1,108.54,98.32745128368977947856711771
1707254100000,108.61,109.09,105.65,106.54,99.16996298360499095163412821
1707255000000,106.63,106.81,103.1,104.58,100.45354285911248511486784496
1707255900000,104.58,106.29,103.51,104.95,102.15992462678377992902820572
1707256800000,105.02,105.02,101.47,103.03,104.19282651717625306166073127
1707257700000,102.98,103.59,102.03,102.79,106.25186084628798510426509265
1707258600000,102.76,104.74,101.67,103.68,107.77877027704147833993840446
1707259500000,103.61,106.9,102.72,105.11,108.64225581896465201622981091
1707260400000,105.18,106.02,102.79,103.2,108.68507569048860645587290922
1707261300000,103.23,104.53,102.75,103.78,108.07887193973050902583821250
1707262200000,103.84,105.48,103.52,105.14,107.05822197002431760887322659
1707263100000,105.06,105.36,103.82,105.36,105.68662499204585804507856121
1707264000000,105.33,108.84,103.6,106.7,104.29406557850057106582046284
1707264900000,106.8,107.53,106.29,107.04,103.03643062486434941305302071
1707265800000,107.05,107.13,104.33,105.24,102.36580377396832094828999921
1707266700000,105.19,105.77,104.99,105.33,102.50446431499322887257951695
1707267600000,105.34,107.93,104.67,107.65,103.20865654018397391687450132
1707268500000,107.67,109.7,107.04,108.81,104.27836159704274235874240004
1707269400000,108.82,113.0,108.31,112.03,105.40695674637648329668475084
1707270300000,111.96,112.8,110.03,112.5,106.54270348037396827658061752
1707271200000,112.57,114.82,111.52,111.9,107.58863492958286094590370488
1707272100000,111.98,114.07,110.85,112.05,108.44442673177454712859172822
1707273000000,112.02,114.28,110.7,113.81,109.16701413751514054107752557
1707273900000,113.81,116.64,112.91,116.06,109.94273116270008433294664965
1707274800000,116.15,117.78,115.4,116.03,110.78773404687510877471136686
1707275700000,116.1,118.11,115.64,117.64,111.91640868994151378722586682
1707276600000,117.6,117.6,115.07,116.02,113.17837775570101876505062413
1707277500000,116.0,117.24,115.48,116.85,114.45758488076443340880108834
1707278400000,116.81,117.35,114.08,117.01,115.63524894276474170126596683
1707279300000,117.0,119.2,116.4,118.12,116.53079989265587942095426039
1707280200000,118.12,119.2,116.75,118.07,117.42972613639664023264525916
1707281100000,118.07,118.72,116.21,118.0,118.09647399129134282186098035
1707282000000,117.99,119.94,117.28,119.58,118.62614209527454873967154969
1707282900000,119.58,132.0,119.24,123.33,118.87988552241708574231596676
1707283800000,123.31,126.1,119.81,120.8,118.90271633147524361447339855
1707284700000,120.94,122.85,120.15,120.4,119.01678440939802665193690306
1707285600000,120.39,125.22,120.16,124.05,119.30668841351178489703973475
1707286500000,124.06,126.95,123.73,125.66,119.92763652646520305938968764
1707287400000,125.6,128.91,125.33,128.15,120.61897197105500889511138222
1707288300000,127.96,129.3,125.58,128.1,121.19533840347665593206757260
1707289200000,128.1,132.34,127.57,130.46,122.12115774959187601313436047
1707290100000,130.42,131.99,129.65,131.59,123.49461891348936947610029680
1707291000000,131.63,131.63,129.91,130.21,125.01296297405671908129802608
1707291900000,130.25,130.69,125.9,127.99,126.47371460692328348490400364
1707292800000,127.98,130.89,126.0,127.1,127.71473798521760702138494444
1707293700000,127.18,129.39,126.96,128.05,129.27963564128391947716333195
1707294600000,128.04,128.2,125.13,125.76,130.57557532625578068900275119
1707295500000,125.81,127.35,125.74,126.37,131.22273687364244512376296864
1707296400000,126.45,127.19,122.81,123.61,131.36172703297748405009129011
1707297300000,123.7,124.01,121.97,123.03,131.10331864871029613148881777
1707298200000,123.04,124.78,121.39,123.08,130.56089056820520847184703369
1707299100000,123.06,123.55,122.0,122.64,129.23202081927225556384685004
1707300000000,122.66,124.72,122.37,124.38,127.57067174059384306971622500
1707300900000,124.4,129.46,124.33,126.54,125.81082104313745811816169277
1707301800000,126.51,128.2,125.66,128.18,124.34856399209272763415151464
1707302700000,128.17,129.0,126.9,128.56,123.15633962000249642010425208
1707303600000,128.55,129.5,127.63,129.47,122.33951310589740798589051628
1707304500000,129.43,129.56,126.78,127.44,122.30768560229101146347101194
1707305400000,127.44,128.8,126.35,128.74,122.85636164643988154357654140
1707306300000,128.74,130.08,128.23,128.59,123.99102965943816190545688696
1707307200000,128.66,129.72,127.72,129.47,125.36078028557031662730095115
1707308100000,129.46,130.79,127.95,129.54,126.85267292803998823454513399
1707309000000,129.47,129.7,128.41,129.57,128.29608330856085928474692455
1707309900000,129.6,130.54,127.11,127.47,129.53891217535274678126400031
1707310800000,127.42,127.83,126.38,127.06,130.37309895671154172837530783
1707311700000,126.97,127.55,126.38,127.23,130.80026888279576312319614309
1707312600000,127.22,127.61,124.95,125.78,130.75514202776796337646471223
1707313500000,125.61,129.15,125.37,127.9,130.32737831132322175698506557
1707314400000,127.95,129.13,127.79,129.0,129.67645127371969162421365571
1707315300000,129.02,129.47,128.42,129.18,128.86558156287750457304306480
1707316200000,129.18,129.25,128.5,128.66,128.12666146060935858164786039
1707317100000,128.59,128.83,127.64,128.2,127.47464147680884789662197401
1707318000000,128.28,130.09,128.18,129.56,127.21388492601810993785253510
1707318900000,129.49,129.49,127.71,127.83,127.12068623225479012802144740
1707319800000,127.75,128.89,127.3,128.74,127.26920882763531966454757380
1707320700000,128.78,128.94,127.85,128.26,127.50114885686222089992608484
1707321600000,128.17,129.07,127.64,128.61,127.84482278611510711463685992
1707322500000,128.6,130.31,128.51,129.59,128.40181541767502660808304736
1707323400000,129.59,131.14,128.15,129.74,128.72263151113318397072908342
1707324300000,129.72,133.22,129.38,130.1,129.09629201622812004011956095
1707325200000,130.12,133.0,130.02,131.12,129.34778476059597879178429047
1707326100000,131.08,131.72,130.96,131.22,129.56525654975624464765023001
1707327000000,131.28,135.0,131.18,132.66,129.70916384217824533899652723
1707327900000,132.74,135.29,131.88,134.5,129.68622076665988781262579085
1707328800000,134.61,134.61,132.59,132.75,129.87570234765650109102986457
1707329700000,132.68,133.99,132.1,133.66,130.27609198717870974851922910
1707330600000,133.61,133.72,128.17,129.01,130.83487005347066251989996076
1707331500000,129.06,130.79,128.96,130.56,131.60282597610215465630856778
1707332400000,130.56,130.56,129.08,129.43,132.29835031932473642265884636
1707333300000,129.52,132.46,129.45,131.64,132.84342916601352926689864936
1707334200000,131.68,131.88,130.26,130.36,133.18257144499987568234189495
1707335100000,130.36,130.87,129.2,130.3,133.07506231149892413459162954
1707336000000,130.32,130.32,128.65,129.21,132.90265724785681212300860839
1707336900000,129.18,130.61,128.92,130.2,132.28248193555061826254303500
1707337800000,130.14,130.39,128.32,130.01,131.47401770340247860310410495
1707338700000,130.12,130.39,129.13,129.54,130.57555336498409009989908079
1707339600000,129.64,129.76,128.8,129.15,129.74053213758570842469617179
1707340500000,129.16,129.7,128.99,129.54,129.32673127506438575123894773
1707341400000,129.49,129.49,126.8,128.78,128.98320967427818101393562735
1707342300000,128.75,128.88,128.02,128.21,128.81929212343800440745961728
1707343200000,128.2,128.43,127.23,127.66,128.71773276921438538246186768
1707344100000,127.64,128.58,126.24,126.7,128.83721224354060077531283337
1707345000000,126.7,128.42,126.7,127.91,129.03424538893322800756720464
1707345900000,127.84,128.66,127.72,127.77,129.01911949428973247507754496
1707346800000,127.76,127.9,126.88,127.19,128.72646974572820094735172841
1707347700000,127.14,127.99,127.14,127.66,128.28654544814541456094432279
1707348600000,127.68,129.92,127.67,128.51,127.88146197910925919414134534
1707349500000,128.51,129.38,128.51,129.14,127.57509815090802506078646159
1707350400000,129.1,129.97,128.12,128.43,127.25293462079692038188991706
1707351300000,128.43,129.28,128.15,128.27,127.06265542863621168953142814
1707352200000,128.28,129.62,127.65,129.21,127.11699952131667652377877868
1707353100000,129.22,131.33,129.13,129.92,127.34524728290531381474013942
1707354000000,129.9,130.44,128.92,129.0,127.67921847761259638617887728
1707354900000,129.06,129.28,128.13,128.16,127.95567236910539122761529276
1707355800000,128.12,128.12,125.26,126.12,128.35463436518731520600598226
1707356700000,126.12,127.62,126.12,126.99,128.84309234415403509031919633
1707357600000,127.0,127.5,126.5,126.94,129.14456957741968977060960901
1707358500000,126.89,127.07,125.45,125.73,129.12032470573785431241178199
1707359400000,125.72,126.63,125.64,126.08,128.88071422506827662455425815
1707360300000,126.02,126.1,124.94,125.66,128.52328149264386357258931982
1707361200000,125.7,127.03,125.59,126.37,128.12324418913896687771950543
1707362100000,126.39,126.6,123.65,123.97,127.38830576824898437717991956
1707363000000,124.13,124.79,123.49,124.6,126.53478914555382687335724333
1707363900000,124.65,124.74,124.08,124.36,125.83883651175674016462922556
1707364800000,124.33,125.73,123.83,125.22,125.27446580760762588641252842
1707365700000,125.21,126.68,125.07,126.42,124.91608608477682538940717339
1707366600000,126.41,127.12,126.23,126.49,124.46216839501205480200111649
1707367500000,126.53,126.92,125.87,125.91,124.29481140362567852312216629
1707368400000,125.98,125.98,123.62,124.0,124.32332079114925399565279556
1707369300000,123.95,124.51,123.74,123.9,124.47826002728853605176744038
1707370200000,123.88,124.02,123.4,123.95,124.68495149397415854939912758
1707371100000,123.87,124.0,122.4,122.81,124.74981766199671008672247707
1707372000000,122.83,123.39,122.13,123.23,124.91771674022586323605633928
1707372900000,123.26,124.0,120.12,121.18,124.88539283307083699792231447
1707373800000,121.32,122.59,120.94,121.74,124.82616307360173374701707435
1707374700000,121.77,122.42,121.21,121.9,124.55183988658696302139605686
1707375600000,121.92,122.24,121.08,121.25,124.01429785761204431715734779
1707376500000,121.23,121.94,120.42,120.77,123.40131455021856621794820617
1707377400000,120.86,121.52,120.67,121.04,122.62760990652867988713835932
1707378300000,121.1,121.21,118.64,119.28,121.96638177586874515603679503
1707379200000,119.31,119.45,117.89,119.0,121.20686322317685102691657864
1707380100000,119.0,120.8,118.81,119.85,120.47791559256768413673941721
1707381000000,119.81,120.51,119.56,120.43,119.99291945518856384773278081
1707381900000,120.32,121.44,119.31,119.6,119.68610957628301662481953557
1707382800000,119.56,122.21,119.5,121.42,119.60571857057340701757005211
1707383700000,121.4,121.68,120.2,120.83,119.54885004087134643600191847
1707384600000,120.87,122.05,120.87,121.52,119.54441407951960610420733338
1707385500000,121.47,123.8,121.4,122.33,119.58103339473732078571776189
1707386400000,122.14,123.6,121.47,123.39,119.64752042764041768596629418
1707387300000,123.38,123.95,122.81,123.17,119.89867625272008057464391690
1707388200000,123.22,123.22,122.27,122.54,120.28029674418849759674160459
1707389100000,122.59,123.11,122.45,123.04,120.85011444355009775417171346
1707390000000,123.06,123.59,122.29,123.25,121.46816370881874347231789517
1707390900000,123.2,123.8,122.95,122.96,122.12928540652567125777060362
1707391800000,122.98,123.52,122.68,123.07,122.80313197693699098201813636
1707392700000,123.09,126.32,123.09,125.09,123.37039198420386196803722757
1707393600000,125.02,125.34,123.43,124.11,123.87156829351593740017148010
1707394500000,124.11,124.16,123.35,123.49,124.13371911422997332067011433
1707395400000,123.5,124.75,123.11,124.49,124.21624180037519756607770677
1707396300000,124.49,125.71,123.41,124.6,124.19125447296909798601667445
1707397200000,124.46,125.94,123.89,125.13,124.20918781625195076043991036
1707398100000,125.09,125.66,124.47,125.22,124.19892236455689724850656068
1707399000000,125.22,126.72,124.87,125.31,124.22113952052678490167379050
1707399900000,125.24,127.5,124.96,126.5,124.38251932643538191015898052
1707400800000,126.35,127.2,125.73,126.81,124.62667639401713533776380926
1707401700000,126.85,127.06,126.17,126.17,124.93928444289349528567357193
1707402600000,126.17,126.31,124.89,125.82,125.16235243116254809694304826
1707403500000,125.82,126.45,125.79,126.41,125.53963825096266499348031526
1707404400000,126.44,126.45,124.93,125.21,125.96399386201308111019974032
1707405300000,125.23,125.68,124.13,125.35,126.22465067831967612262791162
1707406200000,125.28,126.05,124.63,125.15,126.36226986803206085343466341
1707407100000,125.18,126.06,124.86,125.76,126.45341910504710902170969498
1707408000000,125.76,125.78,124.2,124.62,126.53942108943605702661004211
1707408900000,124.62,124.96,123.6,124.4,126.45335054743136074314476205
1707409800000,124.39,124.57,123.58,123.76,126.20183736555331842140388467
1707410700000,123.75,123.79,122.6,123.02,125.84208816589500890017316511
1707411600000,123.01,123.39,120.71,120.93,125.42313661398917701692197827
1707412500000,120.96,123.21,120.96,122.94,124.90218246217467114077659498
1707413400000,122.92,124.98,122.88,124.38,124.35359762957913316556081345
1707414300000,124.4,125.24,124.21,124.57,123.86536884217695391581596672
1707415200000,124.63,125.29,123.77,124.32,123.39777335057519501264785308
1707416100000,124.19,124.28,123.38,123.55,122.98915782243965303094600176
1707417000000,123.54,124.54,123.3,123.77,122.79023755153622473588133100
1707417900000,123.73,124.13,123.27,124.0,122.71185366229150286635079507
1707418800000,124.0,125.32,123.96,124.97,122.70273028845995379900278053
1707419700000,124.9,125.13,124.49,124.82,122.80147992631816897325654812
1707420600000,124.69,125.39,124.54,125.25,123.10303833474741934588150651
1707421500000,125.3,126.97,125.21,125.63,123.67965810010862595869239491
1707422400000,125.58,126.07,124.71,124.77,124.14455593873826764751800136
1707423300000,124.8,125.08,124.16,124.82,124.54445224177817649179026987
1707424200000,124.6,125.14,124.42,124.99,124.90587843676813069094161107
1707425100000,124.7,125.22,124.46,125.0,125.25912433288176504116394968
1707426000000,124.92,125.47,124.25,124.45,125.49953208884158488731553918
1707426900000,124.5,125.3,124.11,124.68,125.48254105106402320640993647
1707427800000,124.68,125.23,124.5,124.54,125.40283813728392670782627060
1707428700000,124.64,124.8,123.92,124.59,125.27212872675979918202785620
1707429600000,124.59,126.15,124.59,125.5,125.19192846216470765706787865
1707430500000,125.4,126.11,125.29,125.7,125.09304589338459079377290576
1707431400000,125.75,126.01,124.93,125.26,125.00573914474896347770706575
1707432300000,125.29,126.24,125.12,126.0,124.95140872922400976057390622
1707433200000,126.04,126.11,125.52,125.88,124.87541295392964589901000560
1707434100000,125.73,126.5,125.71,126.22,124.86140523749107904795909899
1707435000000,126.5,127.29,126.36,126.98,124.91303871212939544010366220
1707435900000,127.01,128.17,126.8,127.91,125.12959707100483187743273346
1707436800000,127.86,127.86,126.25,126.91,125.47700856996204666456591340
1707437700000,126.89,127.8,126.57,127.04,125.87435092811026350035811567
1707438600000,127.05,127.68,125.79,125.86,126.28319074975911233667156823
1707439500000,125.98,126.88,125.9,126.88,126.66331620526637830332665854
1707440400000,126.89,127.04,126.44,126.9,126.99224420267106307012685192
1707441300000,126.77,129.5,126.71,128.87,127.25054494510266134754803276
1707442200000,128.87,129.27,128.29,128.39,127.43431993622255728942394024
1707443100000,128.36,128.71,127.7,128.1,127.54279048633103119811396340
1707444000000,128.09,128.35,127.22,127.94,127.65475037962091715647658127
1707444900000,127.99,128.27,127.51,128.01,127.67291155839478711685645372
1707445800000,128.14,128.24,126.88,127.41,127.70339082211499798328009108
1707446700000,127.42,128.1,127.13,127.86,127.73828395580482009490358703
1707447600000,127.75,127.89,127.3,127.63,127.82908089998119663251897770
1707448500000,127.54,128.55,127.4,127.53,128.01431829769812245259716974
1707449400000,127.55,127.55,125.21,125.44,128.07961445023559722621136122
1707450300000,125.57,126.05,125.07,125.57,128.10270426787053216501019246
1707451200000,125.61,125.64,124.27,124.69,127.99292493898084954363613358
1707452100000,124.81,125.96,124.56,125.78,127.82770264248827478961821696
1707453000000,125.83,127.2,125.59,127.19,127.56165132216599517834097515
1707453900000,127.15,127.46,126.11,126.24,127.05398962504450976007621365
1707454800000,126.26,126.86,126.26,126.54,126.53910667187073365293199375
1707455700000,126.55,126.73,126.02,126.34,125.99894984668170625073905625
1707456600000,126.34,126.83,126.12,126.47,125.60822619480320861234012148
1707457500000,126.5,126.56,125.59,126.11,125.34116591051512879573811941
1707458400000,126.05,126.84,126.05,126.58,125.19181045155633018246012782
1707459300000,126.62,127.53,126.62,126.94,125.38791610702109905483485043
1707460200000,127.01,127.75,126.62,127.44,125.67197713426945043137982123
1707461100000,127.42,127.61,127.03,127.07,126.04273145603857554363133349
1707462000000,127.18,128.14,126.95,127.96,126.36237139013137609741902143
1707462900000,127.83,128.04,125.85,126.21,126.63587098326391508085753000
1707463800000,126.17,126.62,125.99,126.03,126.97909708966091313024740826
1707464700000,125.98,125.98,125.3,125.79,127.18445135225003415618165059
1707465600000,125.64,125.64,123.99,123.99,127.22113760128754789539950504
1707466500000,124.16,124.24,122.57,123.14,127.11384436488932695568733680
1707467400000,123.12,124.5,122.23,123.92,126.85145504616857292171711944
1707468300000,123.98,125.06,123.63,124.33,126.56769792618380609942692414
1707469200000,124.39,124.77,124.21,124.27,126.16198116793250598416125697
1707470100000,124.36,124.45,123.27,123.89,125.59896783208458711809910867
1707471000000,123.87,124.12,123.37,123.76,125.03201238354236320708744139
1707471900000,123.76,124.16,123.04,123.58,124.40054735290842768818793914
1707472800000,123.4,123.69,121.74,122.77,123.80034360163905474516067951
1707473700000,122.78,123.46,122.71,123.24,123.21737144874092001249340853
1707474600000,123.23,123.88,123.22,123.71,122.77616559241449827142733605
1707475500000,123.6,124.45,123.46,123.79,122.65378043221469863755468917
1707476400000,123.85,124.37,123.46,123.64,122.72081018413988895485205567
1707477300000,123.59,123.96,123.46,123.59,122.85374816629903768441812161
1707478200000,123.62,123.97,123.47,123.91,123.06661594346131744254018709
1707479100000,123.87,124.25,123.3,123.89,123.29688347054740112328405367
1707480000000,123.85,124.64,123.1,123.22,123.48655132295303666209391891
1707480900000,123.29,123.9,122.66,123.57,123.57576213442136552353893332
1707481800000,123.66,124.74,123.55,124.3,123.60291483311499184521659365
1707482700000,124.3,124.3,123.28,123.55,123.65554636932339623899583673
1707483600000,123.57,123.89,122.8,123.57,123.65940842094150966713030545
1707484500000,123.61,123.87,122.86,123.04,123.64280203270965415851986086
1707485400000,122.96,123.12,122.77,122.77,123.71173584861634055639946907
1707486300000,122.76,123.81,122.76,123.0,123.80071322779707973922028084
1707487200000,123.0,123.25,122.0,122.05,123.75507333433975728755296037
1707488100000,122.04,123.92,120.65,122.32,123.62466403021306663300613915
1707489000000,122.36,122.65,121.46,121.77,123.41252218832853094214844451
1707489900000,121.76,122.52,121.28,121.62,123.21544942402510038465039712
1707490800000,121.6,123.53,121.6,122.57,122.96372828901944733843108692
1707491700000,122.63,122.8,121.38,121.6,122.59027555461268020287745481
1707492600000,121.64,122.4,121.2,122.08,122.33093327133176221414913616
1707493500000,122.08,122.1,120.81,121.27,122.03727104264027045304746559
1707494400000,121.3,121.84,121.07,121.33,121.81495721007640563384375100
1707495300000,121.28,121.89,121.28,121.4,121.62280929093345452299944853
1707496200000,121.34,121.73,120.67,120.89,121.38189160414228070328775387
1707497100000,120.86,121.32,119.72,120.17,121.30646029800607336507904864
1707498000000,120.28,120.94,120.04,120.53,121.20744987511640302442183373
1707498900000,120.58,121.04,120.39,120.88,121.20593076139721640347016728
1707499800000,120.95,121.43,120.39,120.5,121.16175780483340263073399518
1707500700000,120.44,121.03,120.3,120.99,121.00316459395110356852305222
1707501600000,120.97,121.5,120.71,120.78,120.87669833140769986396521780
1707502500000,120.84,121.88,120.56,121.13,120.73359953359116182957359368
1707503400000,121.13,121.71,121.07,121.43,120.62724809859132029156231241
1707504300000,121.4,121.63,120.5,120.68,120.46935709038584420661738065
1707505200000,120.68,121.33,120.43,121.31,120.39217396388463182463087118
1707506100000,121.26,121.69,120.87,120.96,120.41806010638859494979971049
1707507000000,120.99,121.15,120.78,120.97,120.57435250004190577873320159
1707507900000,120.98,121.58,120.6,121.19,120.74346989618564483700891499
1707508800000,121.27,121.92,121.21,121.87,120.89684595207997472129633836
1707509700000,121.87,122.71,121.68,122.13,121.13349800371480936052949866
1707510600000,122.18,122.58,121.7,122.02,121.28578989511401239794866763
1707511500000,121.93,121.97,121.45,121.59,121.42952305465507902841037331
1707512400000,121.6,122.07,121.39,121.54,121.50505784806663044273194845
1707513300000,121.49,121.99,121.45,121.7,121.57197406577220943822349749
1707514200000,121.71,122.34,121.56,122.04,121.66702948142335480599834117
1707515100000,122.04,122.42,121.99,122.42,121.70774589389673260251042703
1707516000000,122.31,122.63,121.68,121.85,121.79414030195959550400629205
1707516900000,121.86,122.16,121.55,121.8,121.92201774787099048057143455
1707517800000,121.82,122.04,121.43,121.67,122.03992896022285272677369891
1707518700000,121.53,122.01,121.53,121.87,122.10507014944930983859134421
1707519600000,121.9,122.2,121.51,122.1,122.11482755330132292640648937
1707520500000,122.16,122.75,121.93,122.16,122.08821739884017744729480592
1707521400000,122.14,122.61,122.0,122.35,122.08848677880686197009905143
1707522300000,122.31,122.54,121.88,121.88,122.04988128944296696674755844
1707523200000,121.87,122.32,120.84,121.8,121.99999091947158921405321455
1707524100000,121.78,122.18,121.61,121.79,121.95189644164782404859153491
1707525000000,121.8,121.8,120.83,121.33,121.91221662593837847271523535
1707525900000,121.26,121.27,120.84,120.84,121.93804431230412649952629873
1707526800000,120.84,120.95,119.9,120.68,121.93018922969431628879849570
1707527700000,120.91,121.16,120.6,121.0,121.90720059866544506921916049
1707528600000,121.07,122.23,120.96,122.1,121.82618554620161556734780239
1707529500000,122.11,122.26,121.99,122.1,121.67378928741730754827459415
1707530400000,122.1,122.57,121.9,122.46,121.52420136754285371504392188
1707531300000,122.45,122.56,122.07,122.5,121.38999981051811590769898915
1707532200000,122.45,122.45,121.56,121.56,121.31682070763197971092808350
1707533100000,121.61,121.74,121.43,121.47,121.28756947698065640737521104
1707534000000,121.47,122.36,121.45,121.83,121.26904268004454737276477337
1707534900000,121.82,123.59,121.8,122.72,121.38774784838006064540995419
1707535800000,122.7,122.8,122.27,122.59,121.60276706311302824707277375
1707536700000,122.59,122.63,122.15,122.46,121.86321695817057885919342587
1707537600000,122.4,122.4,121.89,122.03,122.14129463840017053200947642
1707538500000,121.92,121.99,121.36,121.37,122.33794809382320632177207771
1707539400000,121.4,121.65,121.15,121.46,122.49488516898896567853839099
1707540300000,121.48,121.67,121.15,121.26,122.48672533433464247157941091
1707541200000,121.24,121.42,120.86,121.24,122.38703835815446578638173663
1707542100000,121.29,121.4,120.91,120.98,122.25382293195548429419708942
1707543000000,120.96,121.31,120.91,121.0,122.05885146811159874659881162
1707543900000,121.06,121.39,120.74,120.82,121.83776213965755748911723899
1707544800000,120.95,121.01,120.41,120.52,121.55039650666764129661000438
1707545700000,120.55,120.73,119.97,120.33,121.31492645230161972481643771
1707546600000,120.33,121.17,120.15,120.75,121.10824370017926489431304004
1707547500000,120.78,121.07,120.74,120.83,120.90900276759144733556878562
1707548400000,120.78,120.96,120.41,120.41,120.69069029386305220952162580
1707549300000,120.41,120.88,120.3,120.8,120.46674262633921982554494039
1707550200000,120.86,121.75,120.85,121.26,120.32823216710890903354572465
1707551100000,121.3,121.8,121.15,121.8,120.29930119180985131911691465
1707552000000,121.78,121.78,120.18,120.84,120.33873012364798246671408835
1707552900000,120.84,121.01,120.68,120.86,120.42750424963259986769326982
1707553800000,120.88,121.18,120.21,120.26,120.57184812196428150945823262
1707554700000,120.27,120.35,119.36,119.56,120.72375713433213414116610026
1707555600000,119.58,119.87,119.24,119.45,120.84089483893693261029118456
1707556500000,119.39,119.69,119.0,119.37,120.83714488299091476720581784
1707557400000,119.38,119.84,119.26,119.51,120.83554990460454708402354629
1707558300000,119.49,119.62,117.51,117.65,120.74809470574576025531327254
1707559200000,117.62,118.35,116.84,118.0,120.54246645945527469245468230
1707560100000,118.18,118.46,117.9,118.32,120.20148480285236700017730602
1707561000000,118.3,118.87,118.12,118.87,119.73272596015496489303205640
1707561900000,118.86,118.86,117.88,118.66,119.25223171423933808739920674
1707562800000,118.68,118.9,117.56,117.99,118.67461461232922037993577088
1707563700000,117.96,119.04,117.96,118.62,118.26164843334182295529849644
1707564600000,118.56,119.33,118.26,119.11,117.96113707328588059747136694
1707565500000,119.13,119.54,118.67,119.51,117.77217008487366704726723985
1707566400000,119.44,119.58,118.69,119.08,117.67919079766912812519135181
1707567300000,119.1,119.46,119.01,119.26,117.73468525867773528767348693
1707568200000,119.35,119.53,118.83,118.88,118.08330402184574477960930675
1707569100000,118.81,119.1,118.63,118.72,118.41918352528153506673978018
1707570000000,118.67,119.08,118.44,119.08,118.69793766811506903867938145
1707570900000,119.05,119.15,117.79,118.28,118.88124998997923022525012812
1707571800000,118.3,118.55,118.22,118.35,119.10914494012318420791453100
1707572700000,118.32,118.81,118.24,118.41,119.31002222787097662439010455
1707573600000,118.4,118.61,116.86,117.87,119.33361985821584513183610807
1707574500000,117.83,118.2,117.62,117.87,119.22655504601396354953274754
1707575400000,117.73,118.39,117.59,118.16,118.98920886576574315636026457
1707576300000,118.15,118.25,117.7,117.83,118.76987677296530307751861533
1707577200000,117.8,117.87,116.54,116.61,118.47897790434521587819081170
1707578100000,116.64,116.9,115.53,116.75,118.17566348360045707934838471
1707579000000,116.7,117.4,116.61,117.04,117.89697055191047467739933489
1707579900000,117.13,118.28,116.62,117.73,117.63093368719678337796538980
1707580800000,117.82,117.92,117.2,117.83,117.42041297454904146439274334
1707581700000,117.81,118.63,117.67,118.11,117.21950809014913183635350634
1707582600000,118.08,118.54,117.75,118.4,117.13636007217149676757208007
1707583500000,118.35,119.02,118.35,118.95,117.13808259329437150003630325
1707584400000,118.88,119.49,118.25,119.4,117.17751785759268562451177063
1707585300000,119.36,119.4,118.79,119.26,117.23817734527811145473511892
1707586200000,119.26,119.48,118.0,118.79,117.42092208745927098788099718
1707587100000,118.72,122.23,118.72,120.68,117.81855827547412224547284222
1707588000000,120.71,121.44,119.69,120.19,118.27211268396244538324319314
1707588900000,120.23,120.99,119.54,119.75,118.73022969953297859946783610
1707589800000,119.71,119.91,119.1,119.69,119.15966524116796900679025736
1707590700000,119.62,120.08,119.25,119.49,119.62408755606367385268899549
1707591600000,119.45,119.52,118.89,119.41,120.10031459512584399901345866
1707592500000,119.4,119.78,119.22,119.32,120.32865915004222131890373171
1707593400000,119.34,119.7,118.94,119.29,120.40134499908615158704408791
1707594300000,119.27,119.69,119.17,119.46,120.36611452330049779479621336
1707595200000,119.47,119.53,118.1,118.6,120.25905346582931123374882149
1707596100000,118.55,119.22,118.47,118.84,120.10703493541594808084514228
1707597000000,118.83,119.51,118.66,119.36,119.79520877494004671746159653
1707597900000,119.28,119.58,118.73,118.85,119.51888588331411488862464649
1707598800000,118.84,119.23,118.66,119.08,119.29418324156120722326847570
1707599700000,119.08,119.39,118.83,119.18,119.06439476582662167145003995
1707600600000,119.23,119.35,118.79,119.23,118.91351114595852297760246529
1707601500000,119.21,119.3,118.89,118.99,118.78679207298039542454312924
1707602400000,119.0,119.26,118.94,119.18,118.72185836795443071825015183
1707603300000,119.17,119.17,118.7,118.7,118.73519706657583337562368702
1707604200000,118.73,119.03,118.52,118.52,118.77949384473727202521863510
1707605100000,118.51,118.88,118.46,118.71,118.90244265514227294168316269
1707606000000,118.55,119.03,118.45,118.81,118.97266271225550991877140458
1707606900000,118.7,118.76,118.36,118.63,118.97921834198301148124394671
1707607800000,118.61,119.01,118.58,118.92,118.97648799663020980523998284
1707608700000,118.95,119.28,118.77,119.23,118.95417895953149837102792712
1707609600000,119.25,119.41,118.92,119.3,118.92067919060861186483385182
1707610500000,119.26,119.4,119.16,119.32,118.84937025372330425258801302
1707611400000,119.31,119.52,119.1,119.32,118.78778359029176744909514035
1707612300000,119.34,119.44,118.95,119.44,118.77116477401164977026000319
1707613200000,119.47,120.06,119.47,120.0,118.82704843340587794167242699
1707614100000,119.98,120.0,119.15,119.23,118.91300931599454067922869330
1707615000000,119.23,119.23,118.61,118.61,119.03094778128328337772704412
1707615900000,118.6,118.6,117.0,117.41,119.16473091292285405788823846
1707616800000,117.47,118.34,117.47,118.16,119.33006853751449740030582608
1707617700000,118.16,118.77,117.73,118.77,119.44699800293348128873396731
1707618600000,118.76,118.97,118.28,118.46,119.40148980360730030093464171
1707619500000,118.58,118.73,118.24,118.39,119.27029588430474725720633749
1707620400000,118.39,119.07,118.31,118.93,119.07209777809464941812500299
1707621300000,118.77,118.79,118.44,118.65,118.87895311068247549456520143
1707622200000,118.7,119.11,118.58,119.04,118.60723160280987593635089227
1707623100000,119.08,119.16,118.67,119.05,118.28061430959869490102976874
1707624000000,119.03,119.7,118.29,119.38,118.11636448562720241648290827
1707624900000,119.35,119.56,118.8,119.36,118.12442851990360234351509121
1707625800000,119.44,119.85,119.3,119.45,118.27213068309911939557738259
1707626700000,119.48,119.76,118.81,118.81,118.44702234869091598864083358
1707627600000,118.81,118.95,118.61,118.78,118.65489372285902804628291932
1707628500000,118.72,119.26,118.55,118.85,118.96973462030821645859710193
1707629400000,118.86,119.59,118.79,119.33,119.26756012300378302070881565
1707630300000,119.29,119.36,118.9,118.94,119.44610495994642096236721443
1707631200000,119.0,119.24,118.57,118.57,119.49221850762801496619209189
1707632100000,118.56,118.82,118.2,118.54,119.44767024922277692126201295
1707633000000,118.44,118.66,118.19,118.46,119.34139818221165287196017980
1707633900000,118.33,118.74,118.17,118.23,119.16924316136080145456757300
1707634800000,118.24,118.98,118.15,118.97,118.96354003255026304529071604
1707635700000,118.98,119.42,118.92,119.31,118.79449532264002165579753672
1707636600000,119.21,119.96,118.89,119.45,118.69844093299336353486278413
1707637500000,119.46,119.84,119.14,119.52,118.62150307528198139310459899
1707638400000,119.51,120.17,119.3,119.88,118.57850561271468188047716621
1707639300000,119.71,119.8,119.29,119.66,118.59931913593209892690790929
1707640200000,119.83,120.37,119.48,120.0,118.71256182639023819748420614
1707641100000,120.0,120.03,119.49,119.98,118.91091691149826978618976191
1707642000000,119.84,120.57,119.84,120.57,119.15694809225963487098838632
1707642900000,120.53,121.28,120.23,120.69,119.44818013456251580944520345
1707643800000,120.81,120.85,120.08,120.78,119.75200563825662235564946299
1707644700000,120.76,121.32,120.59,121.18,120.05176219529624079191104311
1707645600000,121.18,121.36,120.87,120.9,120.31930095153205426908219829
1707646500000,120.82,120.87,120.5,120.55,120.58302542021668297897978139
1707647400000,120.66,120.67,119.68,120.08,120.77857984835664818517874069
1707648300000,119.99,120.58,119.89,120.57,120.90970732743939942148137901
1707649200000,120.52,121.57,120.52,121.57,121.01473060714962306154606783
1707650100000,121.56,121.75,121.35,121.62,121.04567946202743360312341571
1707651000000,121.6,121.64,121.41,121.41,121.07028131733417968246294618
1707651900000,121.4,122.99,121.34,122.78,121.09629808992121503926765096
1707652800000,122.78,122.8,120.83,121.48,121.15412399769367111165281257
1707653700000,121.49,121.87,121.14,121.83,121.24395091477087033235276054
1707654600000,121.8,122.32,121.49,122.04,121.27640314429017744994244857
1707655500000,121.86,123.47,121.84,123.1,121.38958958362734947469987901
1707656400000,123.04,123.06,121.96,121.96,121.59456566695123275727665369
1707657300000,121.95,122.53,121.56,122.43,121.79824125111103801009590627
1707658200000,122.49,122.95,122.2,122.95,122.06601578408579483475200572
1707659100000,122.82,123.57,122.69,122.85,122.29462186471486844740333966
1707660000000,122.84,123.1,121.92,122.27,122.55147856360405057861387797
1707660900000,122.28,122.59,121.68,121.75,122.69700783539250527803519174
1707661800000,121.72,122.36,121.44,121.99,122.76885430578112798607711987
1707662700000,122.0,122.4,121.79,121.86,122.83841411715115713367867167
1707663600000,121.9,122.9,121.9,122.7,122.78459991876572715372403615
1707664500000,122.72,122.97,122.24,122.9,122.65551221394708142861152556
1707665400000,122.9,122.92,122.02,122.75,122.48434436657612090112165628
1707666300000,122.75,122.94,122.54,122.87,122.45607609111712447747989775
1707667200000,122.67,123.42,122.67,123.29,122.43208747008997978510117924
1707668100000,123.25,123.34,122.8,123.16,122.39034563718535924088094351
1707669000000,123.16,123.43,122.84,123.3,122.35549065472408514282174089
1707669900000,123.38,123.46,122.81,123.01,122.40658760001378669546756927
1707670800000,122.99,123.55,122.94,123.33,122.58657598370885402093537942
1707671700000,123.44,123.49,122.35,122.8,122.76800282610842459440751005
1707672600000,122.73,123.15,122.45,122.65,122.97489480004424819091860904
1707673500000,122.66,122.77,122.38,122.54,123.15770575933519118109879213
1707674400000,122.54,122.58,121.57,121.57,123.29330979382503258091128413
1707675300000,121.6,122.05,121.21,121.96,123.39292478533758539349244648
1707676200000,121.95,121.95,121.19,121.44,123.32614731086371199769516646
1707677100000,121.56,122.07,121.28,121.72,123.13232298184617386382310767
1707678000000,121.68,121.97,121.36,121.87,122.83548294166287064775918056
1707678900000,121.86,122.03,121.71,121.99,122.46839771612844214815988280
1707679800000,121.99,122.29,121.82,122.09,122.16152448331363394903425297
1707680700000,122.09,122.97,121.82,122.7,121.83231976577383065001520459
1707681600000,122.7,122.8,121.98,122.03,121.60624944643352854986583612
1707682500000,122.02,122.64,121.85,121.97,121.45604575499746006259552540
1707683400000,121.95,122.67,121.87,122.15,121.39720379219714882705784230
1707684300000,122.16,122.17,121.48,121.59,121.47207786379094319449146056
