Date,Open,High,Low,Close,UpperBand,LowerBand,MiddleBand
1707087600000,165.89,166.0,165.24,165.24,0,0,0
1707088500000,165.71,165.71,165.71,165.71,0,0,0
1707089400000,165.99,166.06,165.57,165.61,0,0,0
1707090300000,166.01,166.01,165.95,165.98,0,0,0
1707091200000,166.12,166.5,165.91,165.91,0,0,0
1707092100000,165.91,166.17,165.36,165.97,0,0,0
1707093000000,165.95,165.96,165.5,165.74,0,0,0
1707093900000,165.76,166.08,165.46,165.75,0,0,0
1707094800000,165.78,165.99,165.22,165.22,0,0,0
1707095700000,165.52,166.3,165.52,166.3,0,0,0
1707096600000,166.3,167.1,166.3,167.0,0,0,0
1707097500000,167.19,167.61,166.54,167.42,0,0,0
1707098400000,167.37,168.01,167.27,167.84,0,0,0
1707099300000,167.89,168.2,167.51,167.79,0,0,0
1707100200000,167.64,167.88,167.46,167.48,0,0,0
1707101100000,167.5,167.56,166.72,166.74,0,0,0
1707102000000,166.83,166.83,166.5,166.5,0,0,0
1707102900000,166.47,166.55,166.31,166.31,0,0,0
1707103800000,166.36,166.69,166.28,166.29,0,0,0
1707104700000,166.29,166.55,166.29,166.55,0,0,0
1707105600000,166.63,167.32,166.63,167.17,0,0,0
1707106500000,167.03,167.45,167.03,167.45,168.03038747565024618181818182,164.87597616071339018181818182,166.45318181818181818181818182
1707107400000,167.41,167.55,167.38,167.51,168.09923634606690436363636364,165.01349092666036836363636364,166.55636363636363636363636364
1707108300000,167.43,167.58,167.21,167.48,168.17935901803774781818181818,165.09427734559861581818181818,166.63681818181818181818181818
1707109200000,167.44,167.64,167.39,167.62,168.25464697263788818181818182,165.20171666372574818181818182,166.72818181818181818181818182
1707110100000,167.66,167.9,167.45,167.45,168.313285516327844,165.276714483672156,166.795
1707111000000,167.42,167.48,167.2,167.29,168.33813178523767272727272727,165.37732276021687272727272727,166.85772727272727272727272727
1707111900000,167.23,167.27,167.18,167.18,168.34628840524348272727272727,165.47916614021106272727272727,166.91272727272727272727272727
1707112800000,167.15,167.21,166.8,166.89,168.304480903525352,165.625519096474648,166.965
1707113700000,166.79,166.84,166.44,166.53,168.24752350575126345454545455,165.75338558515782745454545455,167.00045454545454545454545455
1707114600000,166.46,166.51,166.27,166.31,168.077459355533214,166.022540644466786,167.05
1707115500000,166.31,166.48,166.21,166.21,168.08592061341360090909090909,166.00589756840458090909090909,167.04590909090909090909090909
1707116400000,166.2,166.2,166.04,166.08,168.11938392547570309090909091,165.88879789270611509090909091,167.00409090909090909090909091
1707117300000,166.0,166.94,165.93,166.92,168.08211206694985236363636364,165.88061520577742036363636364,166.98136363636363636363636364
1707118200000,166.6,166.95,166.6,166.93,167.975005489664844,165.904994510335156,166.94
1707119100000,166.97,167.01,165.86,165.86,167.91112170471228327272727273,165.79342374983317127272727273,166.85227272727272727272727273
1707120000000,165.84,165.91,165.57,165.84,167.87936129574088472727272727,165.67609324971366072727272727,166.77772727272727272727272727
1707120900000,165.86,166.34,165.79,166.34,167.87617149714354254545454545,165.64291941194736654545454545,166.75954545454545454545454545
1707121800000,166.35,166.77,166.18,166.77,167.88268412354826581818181818,165.66095224008809781818181818,166.77181818181818181818181818
1707122700000,166.52,166.63,166.16,166.16,167.888885306344994,165.641114693655006,166.765
1707123600000,166.24,166.24,165.99,166.08,167.89871507048773945454545455,165.61219402042135145454545455,166.75545454545454545454545455
1707124500000,166.04,166.71,165.95,166.7,167.90233543397206127272727273,165.62221002057339327272727273,166.76227272727272727272727273
1707125400000,166.32,166.32,165.79,165.84,167.88906306524499181818181818,165.51457329839137181818181818,166.70181818181818181818181818
1707126300000,165.86,166.3,165.81,165.91,167.81595018250109581818181818,165.44768618113526781818181818,166.63181818181818181818181818
1707127200000,165.93,166.05,165.63,165.64,167.73505425208270981818181818,165.35858211155365381818181818,166.54681818181818181818181818
1707128100000,165.65,165.73,165.53,165.73,167.62898278057083127272727273,165.30556267397462327272727273,166.46727272727272727272727273
1707129000000,165.99,166.58,165.92,166.58,167.46945007244054,165.37054992755946,166.42
1707129900000,166.42,166.5,165.72,165.78,167.32382480785969909090909091,165.36435701032211909090909091,166.34409090909090909090909091
1707130800000,165.85,166.27,165.82,166.13,167.18266086164914836363636364,165.40006641107812436363636364,166.29136363636363636363636364
1707131700000,166.39,166.43,166.26,166.43,167.06329961196267127272727273,165.45124584258278327272727273,166.25727272727272727272727273
1707132600000,166.22,166.35,165.98,166.22,166.98407126461478381818181818,165.46956509902157981818181818,166.22681818181818181818181818
1707133500000,165.95,165.95,165.6,165.6,166.97258623043386654545454545,165.39650467865704254545454545,166.18454545454545454545454545
1707134400000,165.65,165.65,165.38,165.4,166.99360174362264218181818182,165.29276189274099418181818182,166.14318181818181818181818182
1707135300000,165.48,165.77,165.48,165.77,166.98696601605526218181818182,165.25939762030837418181818182,166.12318181818181818181818182
1707136200000,165.65,165.65,165.05,165.28,167.01942715889926781818181818,165.15420920473709581818181818,166.08681818181818181818181818
1707137100000,165.16,165.8,165.11,165.23,166.933806355151436,165.086193644848564,166.01
1707138000000,165.23,165.23,164.88,165.2,166.82247724925167836363636364,165.04025002347559436363636364,165.93136363636363636363636364
1707138900000,165.37,165.43,164.64,164.64,166.91709127025068490909090909,164.83472691156749690909090909,165.87590909090909090909090909
1707139800000,164.76,165.08,164.45,164.92,166.94897629400166509090909091,164.71920552418015309090909091,165.83409090909090909090909091
1707140700000,164.74,164.83,164.25,164.73,166.94270909076922890909090909,164.57910909104895290909090909,165.76090909090909090909090909
1707141600000,164.68,164.68,164.25,164.54,166.86014344604389254545454545,164.45894746304701654545454545,165.65954545454545454545454545
1707142500000,164.62,164.74,164.1,164.36,166.87240072145593672727272727,164.28305382399860872727272727,165.57772727272727272727272727
1707143400000,164.34,164.48,164.0,164.18,166.88982116917411836363636364,164.09290610355315436363636364,165.49136363636363636363636364
1707144300000,164.3,164.63,163.98,164.51,166.74294749214459981818181818,164.04068887149176381818181818,165.39181818181818181818181818
1707145200000,164.15,164.36,163.68,163.81,166.78612147495706254545454545,163.81296943413384654545454545,165.29954545454545454545454545
1707146100000,163.85,163.88,163.63,163.84,166.78471475514684145454545455,163.62619433576224945454545455,165.20545454545454545454545455
1707147000000,163.65,164.34,163.64,163.84,166.78855291032512163636363636,163.45871981694760563636363636,165.12363636363636363636363636
1707147900000,163.85,163.89,163.6,163.78,166.76760445047858,163.30239554952142,165.035
1707148800000,163.79,164.4,163.79,164.36,166.54964776879661109090909091,163.31853404938520709090909091,164.93409090909090909090909091
1707149700000,164.44,164.87,164.38,164.82,166.46356353749115745454545455,163.31734555341793345454545455,164.89045454545454545454545455
1707150600000,164.6,164.7,164.08,164.15,166.30464840714715345454545455,163.29626068376193745454545455,164.80045454545454545454545455
1707151500000,164.21,164.66,164.16,164.48,166.04111924715817781818181818,163.38251711647818581818181818,164.71181818181818181818181818
1707152400000,164.54,164.89,164.39,164.89,165.81094499427684236363636364,163.49178227845043036363636364,164.65136363636363636363636364
1707153300000,164.91,165.17,164.85,164.85,165.70517616246241327272727273,163.52936929208304127272727273,164.61727272727272727272727273
1707154200000,164.81,165.12,164.81,165.06,165.65387480600523981818181818,163.54976155763112381818181818,164.60181818181818181818181818
1707155100000,165.02,165.25,164.4,164.41,165.462013606683270,163.617986393316730,164.54
1707156000000,164.4,164.56,164.39,164.5,165.36814736773393854545454545,163.64094354135697054545454545,164.50454545454545454545454545
1707156900000,164.5,164.54,164.42,164.54,165.27718060523735618181818182,163.66918303112628018181818182,164.47318181818181818181818182
1707157800000,164.67,164.73,164.47,164.47,165.178893521668472,163.701106478331528,164.44
1707158700000,164.52,165.19,164.44,165.11,165.24780083733672036363636364,163.67492643539055236363636364,164.46136363636363636363636364
1707159600000,165.14,165.3,164.87,165.17,165.29188830292123272727272727,163.65356624253331272727272727,164.47272727272727272727272727
1707160500000,165.26,165.94,165.18,165.75,165.49223780243900909090909091,163.54594401574280909090909091,164.51909090909090909090909091
1707161400000,165.79,166.4,165.43,165.69,165.66007088400846636363636364,163.48265638871880636363636364,164.57136363636363636363636364
1707162300000,165.75,165.77,165.51,165.59,165.79059370726033927272727273,163.46395174728511527272727273,164.62727272727272727272727273
1707163200000,165.76,165.76,165.41,165.51,165.88939175196478272727272727,163.48606279348976272727272727,164.68772727272727272727272727
1707164100000,165.66,165.66,165.25,165.42,165.96558020751769509090909091,163.49260161066412309090909091,164.72909090909090909090909091
1707165000000,165.57,165.82,165.4,165.79,166.06310068822389909090909091,163.57508112995791909090909091,164.81909090909090909090909091
1707165900000,165.75,166.0,165.48,166.0,166.17753506386173927272727273,163.65701039068371527272727273,164.91727272727272727272727273
1707166800000,166.04,166.3,165.74,165.75,166.21784030798088909090909091,163.79034151020092909090909091,165.00409090909090909090909091
1707167700000,165.99,165.99,164.93,165.02,166.15044999619946945454545455,163.97045909470962145454545455,165.06045454545454545454545455
1707168600000,165.09,165.54,164.92,165.49,166.17100545796457381818181818,164.05263090567178981818181818,165.11181818181818181818181818
1707169500000,165.27,165.27,164.62,164.62,166.17512783930984072727272727,164.03032670614470472727272727,165.10272727272727272727272727
1707170400000,164.54,164.73,164.36,164.55,166.14033689995259490909090909,164.10148128186558690909090909,165.12090909090909090909090909
1707171300000,164.55,164.55,164.3,164.31,166.15427191756866818181818182,164.07209171879496818181818182,165.11318181818181818181818182
1707172200000,164.24,164.52,163.89,164.52,166.16297331114964036363636364,164.02975396157763236363636364,165.09636363636363636363636364
1707173100000,164.51,164.73,164.46,164.73,166.16371186175001690909090909,164.01810632006816490909090909,165.09090909090909090909090909
1707174000000,164.73,164.8,164.46,164.7,166.15964666093091054545454545,163.98944424815999854545454545,165.07454545454545454545454545
1707174900000,164.77,165.0,164.77,165.0,166.14792155214010236363636364,164.05480572058717036363636364,165.10136363636363636363636364
1707175800000,164.95,165.47,164.95,165.47,166.16842219397396745454545455,164.12248689693512345454545455,165.14545454545454545454545455
1707176700000,165.45,165.51,165.44,165.44,166.18079440920982636363636364,164.19193286351744636363636364,165.18636363636363636363636364
1707177600000,165.09,165.09,164.78,164.78,166.16212879142970945454545455,164.23878029947938145454545455,165.20045454545454545454545455
1707178500000,164.9,165.06,164.9,164.97,166.15991903403972709090909091,164.22826278414209109090909091,165.19409090909090909090909091
1707179400000,164.97,165.47,164.97,165.4,166.17407631152971254545454545,164.23501459756119654545454545,165.20454545454545454545454545
1707180300000,165.38,165.44,165.0,165.0,166.11324493520629945454545455,164.22766415570279145454545455,165.17045454545454545454545455
1707181200000,164.93,165.67,164.93,165.67,166.11036670648397854545454545,164.22872420260693054545454545,165.16954545454545454545454545
1707182100000,165.69,165.8,165.62,165.8,166.14081113094546109090909091,164.21737068723635709090909091,165.17909090909090909090909091
1707183000000,165.86,166.01,165.42,165.53,166.143006655315434,164.216993344684566,165.18
1707183900000,165.55,165.69,164.88,165.69,166.17390275974991127272727273,164.21064269479554327272727273,165.19227272727272727272727273
1707184800000,165.78,166.2,165.62,166.2,166.25104735253866090909090909,164.17077082927952090909090909,165.21090909090909090909090909
1707185700000,166.2,166.66,166.15,166.15,166.28019321773328672727272727,164.15526132772125872727272727,165.21772727272727272727272727
1707186600000,166.42,166.62,166.42,166.62,166.45250844869008327272727273,164.06203700585537127272727273,165.25727272727272727272727273
1707187500000,166.62,166.67,166.44,166.65,166.65388595725512036363636364,164.00884131547215236363636364,165.33136363636363636363636364
1707188400000,166.61,166.61,166.08,166.35,166.75863160087293945454545455,163.98227749003615145454545455,165.37045454545454545454545455
1707189300000,166.29,166.56,166.28,166.47,166.87446513566352654545454545,164.03462577342738254545454545,165.45454545454545454545454545
1707190200000,166.34,166.49,166.22,166.25,166.93130687239103581818181818,164.13232949124532781818181818,165.53181818181818181818181818
1707191100000,166.23,166.33,165.91,165.95,166.90894213449787636363636364,164.30378513822939636363636364,165.60636363636363636363636364
1707192000000,166.01,166.49,165.84,166.16,166.91201958873259690909090909,164.44979859308558490909090909,165.68090909090909090909090909
1707192900000,166.44,166.63,166.44,166.54,166.97079985477867618181818182,164.55556378158496018181818182,165.76318181818181818181818182
1707193800000,166.56,166.68,166.56,166.61,167.013208728240356,164.686791271759644,165.85
1707194700000,166.48,166.55,166.09,166.15,167.01002937626583127272727273,164.79451607827962327272727273,165.90227272727272727272727273
1707195600000,165.97,166.5,165.69,166.5,167.06683065910444909090909091,164.83135115907736909090909091,165.94909090909090909090909091
1707196500000,166.43,166.43,166.29,166.4,167.10248862001500472727272727,164.88296592543954072727272727,165.99272727272727272727272727
1707197400000,166.43,166.52,166.3,166.33,167.04552385014858418181818182,165.08083978621505218181818182,166.06318181818181818181818182
1707198300000,166.47,166.55,165.96,166.22,166.979809704104768,165.260190295895232,166.12
1707199200000,166.27,166.61,166.27,166.61,166.997540410723222,165.352459589276778,166.175
1707200100000,166.57,166.67,166.53,166.57,166.90480657803589436363636364,165.58792069469137836363636364,166.24636363636363636363636364
1707201000000,166.56,166.58,165.52,165.91,166.88436361000553527272727273,165.63018184453991927272727273,166.25727272727272727272727273
1707201900000,165.88,166.04,165.63,165.64,166.901376165583996,165.598623834416004,166.25
1707202800000,165.77,165.77,147.37,148.1,173.05471694404549272727272727,157.86073760140905272727272727,165.45772727272727272727272727
1707203700000,148.34,148.43,147.35,147.78,175.22059338513884363636363636,154.06667934213388363636363636,164.64363636363636363636363636
1707204600000,148.01,148.1,144.22,146.66,176.68132673656128545454545455,150.82958235434780545454545455,163.75545454545454545454545455
1707205500000,146.52,148.1,145.2,147.84,177.39107025664333818181818182,148.45529337972029818181818182,162.92318181818181818181818182
1707206400000,147.84,147.9,145.26,146.41,177.91173048324207454545454545,146.09736042584883454545454545,162.00454545454545454545454545
1707207300000,146.43,146.95,143.43,144.55,178.33410930664006,143.66589069335994,161.00
1707208200000,144.57,145.17,140.63,142.81,178.66090882617674,141.19909117382326,159.93
1707209100000,142.8,143.5,141.85,142.74,178.65396520599635636363636364,139.04876206673091636363636364,158.85136363636363636363636364
1707210000000,142.51,142.51,139.1,139.78,178.68458112670821818181818182,136.61178250965541818181818182,157.64818181818181818181818182
1707210900000,139.8,140.22,135.54,136.78,178.73087329354732727272727273,133.91367216099812727272727273,156.32227272727272727272727273
1707211800000,136.79,142.06,136.13,138.42,178.22297945019323636363636364,131.89974782253403636363636364,155.06136363636363636363636364
1707212700000,138.36,139.33,137.34,138.8,177.34240045813074545454545455,130.25850863277834545454545455,153.80045454545454545454545455
1707213600000,138.81,141.03,138.61,140.04,176.10830832160027272727272727,129.07714622385427272727272727,152.59272727272727272727272727
1707214500000,139.96,141.4,139.79,140.78,174.66918441958925454545454545,128.20990648950165454545454545,151.43954545454545454545454545
1707215400000,140.73,141.9,138.82,139.12,172.9935922611662,127.3964077388338,150.195
1707216300000,139.08,141.46,137.83,140.56,171.00659851037674545454545455,127.03431058053234545454545455,149.02045454545454545454545455
1707217200000,140.48,140.48,139.12,139.49,168.76411269020394545454545455,126.83679640070514545454545455,147.80045454545454545454545455
1707218100000,139.52,140.02,139.01,139.96,166.18398706095680181818181818,127.02964930267956181818181818,146.60681818181818181818181818
1707219000000,139.91,140.27,139.57,139.69,163.08133414738749818181818182,127.68502948897613818181818182,145.38318181818181818181818182
1707219900000,139.65,139.65,137.0,138.22,159.40130180860833454545454545,128.78778910048257454545454545,144.09454545454545454545454545
1707220800000,138.2,138.2,136.41,136.67,155.04240668020722545454545455,130.48850241070186545454545455,142.76545454545454545454545455
1707221700000,136.66,136.66,132.2,133.9,149.16826840782301272727272727,133.47718613763153272727272727,141.32272727272727272727272727
1707222600000,133.85,134.33,130.0,132.07,148.75764997938706909090909091,132.43053183879474909090909091,140.59409090909090909090909091
1707223500000,132.0,133.01,131.6,132.99,148.04342043386770181818181818,131.80021592976866181818181818,139.92181818181818181818181818
1707224400000,132.89,132.89,121.51,123.36,149.01606292133991272727272727,128.70939162411463272727272727,138.86272727272727272727272727
1707225300000,123.42,125.92,122.72,124.62,148.80109277941306727272727273,126.81345267513238727272727273,137.80727272727272727272727273
1707226200000,124.85,126.36,123.88,125.82,148.27447213672767636363636364,125.46825513599959636363636364,136.87136363636363636363636364
1707227100000,125.81,126.76,122.61,124.93,147.89826331919809454545454545,124.06082758989281454545454545,135.97954545454545454545454545
1707228000000,124.82,126.06,123.04,124.85,147.54980860437731818181818182,122.77655503198631818181818182,135.16318181818181818181818182
1707228900000,124.8,125.8,124.11,124.53,147.01643776984176545454545455,121.65447132106732545454545455,134.33545454545454545454545455
1707229800000,124.61,124.97,118.1,119.02,147.33827766913628181818181818,119.44535869450008181818181818,133.39181818181818181818181818
1707230700000,119.12,123.74,118.6,120.12,147.53918625381907454545454545,117.72990465527183454545454545,132.63454545454545454545454545
1707231600000,120.28,120.69,107.61,108.8,148.95453672992771818181818182,113.62182690643591818181818182,131.28818181818181818181818182
1707232500000,108.82,113.05,107.04,111.2,149.24079747652676363636363636,110.82647525074596363636363636,130.03363636363636363636363636
1707233400000,111.11,112.51,106.59,112.15,148.82660305070909090909090909,108.70521513110909090909090909,128.76590909090909090909090909
1707234300000,112.26,121.5,112.25,119.15,147.50919328053071272727272727,108.05626126492383272727272727,127.78272727272727272727272727
1707235200000,119.07,119.3,114.04,114.76,146.46672234192820545454545455,106.88418674898088545454545455,126.67545454545454545454545455
1707236100000,114.63,117.47,113.85,114.99,144.90562869493691818181818182,106.12073494142671818181818182,125.51318181818181818181818182
1707237000000,114.96,115.93,112.58,113.08,143.36240890387097272727272727,105.26304564158357272727272727,124.31272727272727272727272727
1707237900000,113.01,114.04,110.56,111.09,141.52814927256040545454545455,104.47275981834868545454545455,123.00045454545454545454545455
1707238800000,110.91,112.92,110.3,111.07,139.35574650508829454545454545,104.04334440400261454545454545,121.69954545454545454545454545
1707239700000,111.08,112.93,108.09,111.09,137.09470039838149636363636364,103.83802687434577636363636364,120.46636363636363636363636364
1707240600000,110.99,110.99,108.82,110.11,134.82940054470060909090909091,103.68878127348120909090909091,119.25909090909090909090909091
1707241500000,110.11,112.07,105.77,107.05,133.02545759910192363636363636,103.05181512817080363636363636,118.03863636363636363636363636
1707242400000,106.9,108.74,103.0,105.13,131.41229087171506909090909091,102.21589094646674909090909091,116.81409090909090909090909091
1707243300000,104.93,105.24,100.12,100.7,129.63368738277291636363636364,101.05903988995435636363636364,115.34636363636363636363636364
1707244200000,100.75,104.18,100.65,101.42,129.30689204682612909090909091,99.39128977135568909090909091,114.34909090909090909090909091
1707245100000,101.53,105.69,101.3,102.64,128.36634382325412,98.33365617674588,113.35
1707246000000,102.48,103.5,99.79,101.01,127.04850247153852727272727273,97.39604298300692727272727273,112.22227272727272727272727273
1707246900000,101.01,101.45,97.15,99.18,125.74547375317232181818181818,96.35816261046404181818181818,111.05181818181818181818181818
1707247800000,99.12,100.05,95.28,98.56,124.13781940259288181818181818,95.57581696104348181818181818,109.85681818181818181818181818
1707248700000,98.64,99.39,97.51,99.25,122.12319857447191272727272727,95.29225597098263272727272727,108.70772727272727272727272727
1707249600000,99.28,103.0,99.21,101.56,120.85277098662432909090909091,94.97541083155748909090909091,107.91409090909090909090909091
1707250500000,101.51,108.0,101.51,106.58,119.09396871542942363636363636,95.50330401184330363636363636,107.29863636363636363636363636
1707251400000,106.51,108.37,106.0,107.85,119.03543097276962545454545455,95.47547811813946545454545455,107.25545454545454545454545455
1707252300000,107.88,108.94,106.36,108.0,118.76997505065162,95.45002494934838,107.11
1707253200000,107.86,109.05,107.1,108.54,118.41764139901149090909090909,95.47417678280669090909090909,106.94590909090909090909090909
1707254100000,108.61,109.09,105.65,106.54,116.53326265915465272727272727,96.21219188629989272727272727,106.37272727272727272727272727
1707255000000,106.63,106.81,103.1,104.58,115.40600490158410,96.41399509841590,105.91
1707255900000,104.58,106.29,103.51,104.95,114.08603736842280363636363636,96.82123535884992363636363636,105.45363636363636363636363636
1707256800000,105.02,105.02,101.47,103.03,113.00786143782340181818181818,96.98577492581296181818181818,104.99681818181818181818181818
1707257700000,102.98,103.59,102.03,102.79,112.21840057709869454545454545,97.02069033199221454545454545,104.61954545454545454545454545
1707258600000,102.76,104.74,101.67,103.68,111.34668114990896363636363636,97.22059157736376363636363636,104.28363636363636363636363636
1707259500000,103.61,106.9,102.72,105.11,110.43771928272828181818181818,97.58591708090808181818181818,104.01181818181818181818181818
1707260400000,105.18,106.02,102.79,103.2,109.55058960842773272727272727,97.84486493702681272727272727,103.69772727272727272727272727
1707261300000,103.23,104.53,102.75,103.78,109.21703877916268909090909091,97.88114303901912909090909091,103.54909090909090909090909091
1707262200000,103.84,105.48,103.52,105.14,109.21800196170449454545454545,97.88108894738641454545454545,103.54954545454545454545454545
1707263100000,105.06,105.36,103.82,105.36,109.33554860069061636363636364,98.18717867203665636363636364,103.76136363636363636363636364
1707264000000,105.33,108.84,103.6,106.7,109.60622936488119636363636364,98.39649790784607636363636364,104.00136363636363636363636364
1707264900000,106.8,107.53,106.29,107.04,109.91068391258995636363636364,98.49204336013731636363636364,104.20136363636363636363636364
1707265800000,107.05,107.13,104.33,105.24,109.94276420814586363636363636,98.84450851912686363636363636,104.39363636363636363636363636
1707266700000,105.19,105.77,104.99,105.33,109.74244888503095818181818182,99.60391475133267818181818182,104.67318181818181818181818182
1707267600000,105.34,107.93,104.67,107.65,109.53956900065225636363636364,100.63315827207501636363636364,105.08636363636363636363636364
1707268500000,107.67,109.7,107.04,108.81,109.44562753635623090909090909,101.59619064546195090909090909,105.52090909090909090909090909
1707269400000,108.82,113.0,108.31,112.03,110.39548486560332181818181818,101.59815149803304181818181818,105.99681818181818181818181818
1707270300000,111.96,112.8,110.03,112.5,111.43177136722379090909090909,101.10004681459439090909090909,106.26590909090909090909090909
1707271200000,112.57,114.82,111.52,111.9,112.09497846038244,100.80502153961756,106.45
1707272100000,111.98,114.07,110.85,112.05,112.71646083922028909090909091,100.55172097896152909090909091,106.63409090909090909090909091
1707273000000,112.02,114.28,110.7,113.81,113.61661262976838363636363636,100.13066009750434363636363636,106.87363636363636363636363636
1707273900000,113.81,116.64,112.91,116.06,115.05503987628193636363636364,99.55768739644533636363636364,107.30636363636363636363636364
1707274800000,116.15,117.78,115.4,116.03,116.27925706893804181818181818,99.37437929469832181818181818,107.82681818181818181818181818
1707275700000,116.1,118.11,115.64,117.64,117.68355710282480363636363636,99.12371562444792363636363636,108.40363636363636363636363636
1707276600000,117.6,117.6,115.07,116.02,118.48194086017122909090909091,99.50624095801058909090909091,108.99409090909090909090909091
1707277500000,116.0,117.24,115.48,116.85,119.25649704048273818181818182,100.00986659588089818181818182,109.63318181818181818181818182
1707278400000,116.81,117.35,114.08,117.01,119.96483352451558909090909091,100.51334829366622909090909091,110.23909090909090909090909091
1707279300000,117.0,119.2,116.4,118.12,120.81546964039962545454545455,100.84543945050946545454545455,110.83045454545454545454545455
1707280200000,118.12,119.2,116.75,118.07,121.34588791432183636363636364,101.66683935840543636363636364,111.50636363636363636363636364
1707281100000,118.07,118.72,116.21,118.0,121.74219722076389272727272727,102.56325732469065272727272727,112.15272727272727272727272727
1707282000000,117.99,119.94,117.28,119.58,122.36540040803814909090909091,103.25278141014366909090909091,112.80909090909090909090909091
1707282900000,119.58,132.0,119.24,123.33,123.56023097212823090909090909,103.69158720968995090909090909,113.62590909090909090909090909
1707283800000,123.31,126.1,119.81,120.8,124.15033685293496181818181818,104.38329951070140181818181818,114.26681818181818181818181818
1707284700000,120.94,122.85,120.15,120.4,124.54633359175746909090909091,105.20184822642434909090909091,114.87409090909090909090909091
1707285600000,120.39,125.22,120.16,124.05,125.16631490209938909090909091,106.29186691608242909090909091,115.72909090909090909090909091
1707286500000,124.06,126.95,123.73,125.66,125.81368673948517818181818182,107.49267689687845818181818182,116.65318181818181818181818182
1707287400000,125.6,128.91,125.33,128.15,127.05791785709518,108.11208214290482,117.585
1707288300000,127.96,129.3,125.58,128.1,128.09320368842414181818181818,108.83043267521222181818181818,118.46181818181818181818181818
1707289200000,128.1,132.34,127.57,130.46,129.72110087374137454545454545,108.87799003534953454545454545,119.29954545454545454545454545
1707290100000,130.42,131.99,129.65,131.59,131.33219373716010727272727273,109.00235171738534727272727273,120.16727272727272727272727273
1707291000000,131.63,131.63,129.91,130.21,132.30420817280263454545454545,109.69488273628827454545454545,120.99954545454545454545454545
1707291900000,130.25,130.69,125.9,127.99,132.67935142894396909090909091,110.76883038923784909090909091,121.72409090909090909090909091
1707292800000,127.98,130.89,126.0,127.1,132.93124078737237818181818182,111.72512284899125818181818182,122.32818181818181818181818182
1707293700000,127.18,129.39,126.96,128.05,133.36344810540539818181818182,112.38291553095823818181818182,122.87318181818181818181818182
1707294600000,128.04,128.2,125.13,125.76,133.42802588876548545454545455,113.20288320214360545454545455,123.31545454545454545454545455
1707295500000,125.81,127.35,125.74,126.37,133.58517214817268727272727273,113.83937330637276727272727273,123.71227272727272727272727273
1707296400000,126.45,127.19,122.81,123.61,133.34390668409120727272727273,114.77063877045424727272727273,124.05727272727272727272727273
1707297300000,123.7,124.01,121.97,123.03,133.09451072176741818181818182,115.58185291459621818181818182,124.33818181818181818181818182
1707298200000,123.04,124.78,121.39,123.08,132.79287868121750909090909091,116.43530313696430909090909091,124.61409090909090909090909091
1707299100000,123.06,123.55,122.0,122.64,132.55029039635875454545454545,117.08880051273215454545454545,124.81954545454545454545454545
1707300000000,122.66,124.72,122.37,124.38,132.26090839782831636363636364,117.95181887489895636363636364,125.10636363636363636363636364
1707300900000,124.4,129.46,124.33,126.54,131.95802531456099454545454545,119.03106559452991454545454545,125.49454545454545454545454545
1707301800000,126.51,128.2,125.66,128.18,131.89513076505762545454545455,119.87577832585146545454545455,125.88545454545454545454545455
1707302700000,128.17,129.0,126.9,128.56,132.12346480048927818181818182,120.12289883587435818181818182,126.12318181818181818181818182
1707303600000,128.55,129.5,127.63,129.47,132.19765101755068727272727273,120.83689443699476727272727273,126.51727272727272727272727273
1707304500000,129.43,129.56,126.78,127.44,131.85803754339814727272727273,121.81650791114730727272727273,126.83727272727272727272727273
1707305400000,127.44,128.8,126.35,128.74,131.97711846289116545454545455,122.12379062801792545454545455,127.05045454545454545454545455
1707306300000,128.74,130.08,128.23,128.59,132.11116034247030363636363636,122.25611238480242363636363636,127.18363636363636363636363636
1707307200000,128.66,129.72,127.72,129.47,132.24830889112884363636363636,122.23896383614388363636363636,127.24363636363636363636363636
1707308100000,129.46,130.79,127.95,129.54,132.39387716218644909090909091,122.22430465599536909090909091,127.30909090909090909090909091
1707309000000,129.47,129.7,128.41,129.57,132.26591306001462363636363636,122.27135966725810363636363636,127.26863636363636363636363636
1707309900000,129.6,130.54,127.11,127.47,131.71219036583075636363636364,122.45053690689651636363636364,127.08136363636363636363636364
1707310800000,127.42,127.83,126.38,127.06,131.36344251461597818181818182,122.51292112174765818181818182,126.93818181818181818181818182
1707311700000,126.97,127.55,126.38,127.23,131.30732715227984363636363636,122.49994557499288363636363636,126.90363636363636363636363636
1707312600000,127.22,127.61,124.95,125.78,131.27089714390772363636363636,122.41637558336500363636363636,126.84363636363636363636363636
1707313500000,125.61,129.15,125.37,127.9,131.25708302934870181818181818,122.41655333428766181818181818,126.83681818181818181818181818
1707314400000,127.95,129.13,127.79,129.0,131.46649553603718909090909091,122.50168628214462909090909091,126.98409090909090909090909091
1707315300000,129.02,129.47,128.42,129.18,131.67634000826750181818181818,122.54729635536886181818181818,127.11181818181818181818181818
1707316200000,129.18,129.25,128.5,128.66,131.68075318477855636363636364,123.00197408794871636363636364,127.34136363636363636363636364
1707317100000,128.59,128.83,127.64,128.2,131.49603683913563636363636364,123.65669043359163636363636364,127.57636363636363636363636364
1707318000000,128.28,130.09,128.18,129.56,131.34313608962023090909090909,124.39868209219795090909090909,127.87090909090909090909090909
1707318900000,129.49,129.49,127.71,127.83,130.72580054049136181818181818,125.48783582314500181818181818,128.10681818181818181818181818
1707319800000,127.75,128.89,127.3,128.74,130.36644477138112,126.24355522861888,128.305
1707320700000,128.78,128.94,127.85,128.26,130.29605102307830618181818182,126.47031261328533018181818182,128.38318181818181818181818182
1707321600000,128.17,129.07,127.64,128.61,130.31568007657583272727272727,126.48977446887871272727272727,128.40272727272727272727272727
1707322500000,128.6,130.31,128.51,129.59,130.42499916328476654545454545,126.47409174580614254545454545,128.44954545454545454545454545
1707323400000,129.59,131.14,128.15,129.74,130.46562942645482181818181818,126.45800693718154181818181818,128.46181818181818181818181818
1707324300000,129.72,133.22,129.38,130.1,130.64546315956373272727272727,126.51999138589081272727272727,128.58272727272727272727272727
1707325200000,130.12,133.0,130.02,131.12,131.00911301237235090909090909,126.37270516944583090909090909,128.69090909090909090909090909
1707326100000,131.08,131.72,130.96,131.22,131.35564949975016545454545455,126.26525959115892545454545455,128.81045454545454545454545455
1707327000000,131.28,135.0,131.18,132.66,131.95698583508732545454545455,125.95392325582176545454545455,128.95545454545454545454545455
1707327900000,132.74,135.29,131.88,134.5,132.96682994246091090909090909,125.39498823935727090909090909,129.18090909090909090909090909
1707328800000,134.61,134.61,132.59,132.75,133.39216966958438545454545455,125.25873942132470545454545455,129.32545454545454545454545455
1707329700000,132.68,133.99,132.1,133.66,133.96704914469008181818181818,125.24658721894628181818181818,129.60681818181818181818181818
1707330600000,133.61,133.72,128.17,129.01,133.92222949170860545454545455,125.46867959920048545454545455,129.69545454545454545454545455
1707331500000,129.06,130.79,128.96,130.56,133.94617239421282181818181818,125.74746396942354181818181818,129.84681818181818181818181818
1707332400000,130.56,130.56,129.08,129.43,133.71665728295441272727272727,126.30879726250013272727272727,130.01272727272727272727272727
1707333300000,129.52,132.46,129.45,131.64,133.82599344880501272727272727,126.53946109664953272727272727,130.18272727272727272727272727
1707334200000,131.68,131.88,130.26,130.36,133.85141126737181454545454545,126.63767964171909454545454545,130.24454545454545454545454545
1707335100000,130.36,130.87,129.2,130.3,133.87227246733440545454545455,126.71863662357468545454545455,130.29545454545454545454545455
1707336000000,130.32,130.32,128.65,129.21,133.85867945876772545454545455,126.78222963214136545454545455,130.32045454545454545454545455
1707336900000,129.18,130.61,128.92,130.2,133.82766304550395636363636364,126.99506422722331636363636364,130.41136363636363636363636364
1707337800000,130.14,130.39,128.32,130.01,133.83283747482506181818181818,127.03079888881130181818181818,130.43181818181818181818181818
1707338700000,130.12,130.39,129.13,129.54,133.74320635357573454545454545,127.27588455551517454545454545,130.50954545454545454545454545
1707339600000,129.64,129.76,128.8,129.15,133.72535463953301818181818182,127.33100899683061818181818182,130.52818181818181818181818182
1707340500000,129.16,129.7,128.99,129.54,133.66053489470625636363636364,127.51219237802101636363636364,130.58636363636363636363636364
1707341400000,129.49,129.49,126.8,128.78,133.64914727869974909090909091,127.53903453948206909090909091,130.59409090909090909090909091
1707342300000,128.75,128.88,128.02,128.21,133.72005556227103636363636364,127.34267171045623636363636364,130.53136363636363636363636364
1707343200000,128.2,128.43,127.23,127.66,133.83051493991994181818181818,127.04312142371642181818181818,130.43681818181818181818181818
1707344100000,127.64,128.58,126.24,126.7,134.01588872650886727272727273,126.54865672803658727272727273,130.28227272727272727272727273
1707345000000,126.7,128.42,126.7,127.91,133.97698169957143636363636364,126.29574557315583636363636364,130.13636363636363636363636364
1707345900000,127.84,128.66,127.72,127.77,133.91103361725861454545454545,126.04805729183229454545454545,129.97954545454545454545454545
1707346800000,127.76,127.9,126.88,127.19,133.64470710256389090909090909,125.81711107925429090909090909,129.73090909090909090909090909
1707347700000,127.14,127.99,127.14,127.66,132.82229334420182,126.01770665579818,129.42
1707348600000,127.68,129.92,127.67,128.51,132.31942809099370727272727273,126.13511736355174727272727273,129.22727272727272727272727273
1707349500000,128.51,129.38,128.51,129.14,131.43457696766430181818181818,126.60905939597206181818181818,129.02181818181818181818181818
1707350400000,129.1,129.97,128.12,128.43,131.42079596301528545454545455,126.57011312789380545454545455,128.99545454545454545454545455
1707351300000,128.43,129.28,128.15,128.27,131.23434771231577636363636364,126.54837956041149636363636364,128.89136363636363636363636364
1707352200000,128.28,129.62,127.65,129.21,131.21693283274261636363636364,126.54579443998465636363636364,128.88136363636363636363636364
1707353100000,129.22,131.33,129.13,129.92,130.86301752534291818181818182,126.74334611102071818181818182,128.80318181818181818181818182
1707354000000,129.9,130.44,128.92,129.0,130.68918568773323036363636364,126.79354158499404236363636364,128.74136363636363636363636364
1707354900000,129.06,129.28,128.13,128.16,130.48145719702400909090909091,126.80672462115780909090909091,128.64409090909090909090909091
1707355800000,128.12,128.12,125.26,126.12,130.60057391812816363636363636,126.40669880914456363636363636,128.50363636363636363636363636
1707356700000,126.12,127.62,126.12,126.99,130.40842056408183272727272727,126.30703398137271272727272727,128.35772727272727272727272727
1707357600000,127.0,127.5,126.5,126.94,130.21731468805439418181818182,126.21904894830924218181818182,128.21818181818181818181818182
1707358500000,126.89,127.07,125.45,125.73,130.20937897874572,125.88062102125428,128.045
1707359400000,125.72,126.63,125.64,126.08,130.16082169776822545454545455,125.65008739314086545454545455,127.90545454545454545454545455
1707360300000,126.02,126.1,124.94,125.66,130.05142444625804909090909091,125.40675737192376909090909091,127.72909090909090909090909091
1707361200000,125.7,127.03,125.59,126.37,129.96054351110731454545454545,125.27854739798359454545454545,127.61954545454545454545454545
1707362100000,126.39,126.6,123.65,123.97,130.19989908326162181818181818,124.65373728037474181818181818,127.42681818181818181818181818
1707363000000,124.13,124.79,123.49,124.6,130.29697925962719272727272727,124.27847528582735272727272727,127.28772727272727272727272727
1707363900000,124.65,124.74,124.08,124.36,130.42266133077581636363636364,123.94006594195145636363636364,127.18136363636363636363636364
1707364800000,124.33,125.73,123.83,125.22,130.38311316637832909090909091,123.73506865180348909090909091,127.05909090909090909090909091
1707365700000,125.21,126.68,125.07,126.42,130.31682863970863272727272727,123.67862590574591272727272727,126.99772727272727272727272727
1707366600000,126.41,127.12,126.23,126.49,130.29044410468939090909090909,123.64137407712879090909090909,126.96590909090909090909090909
1707367500000,126.53,126.92,125.87,125.91,130.22437908082131636363636364,123.54834819190595636363636364,126.88636363636363636363636364
1707368400000,125.98,125.98,123.62,124.0,130.14686265830469636363636364,123.21586461442257636363636364,126.68136363636363636363636364
1707369300000,123.95,124.51,123.74,123.9,129.92028294288397818181818182,122.96608069347965818181818182,126.44318181818181818181818182
1707370200000,123.88,124.02,123.4,123.95,129.75192603691005454545454545,122.72716487218085454545454545,126.23954545454545454545454545
1707371100000,123.87,124.0,122.4,122.81,129.66278791017715636363636364,122.31993936255011636363636364,125.99136363636363636363636364
1707372000000,122.83,123.39,122.13,123.23,129.28137581788255454545454545,122.15771509120835454545454545,125.71954545454545454545454545
1707372900000,123.26,124.0,120.12,121.18,128.87110060966474727272727273,121.77344484488070727272727273,125.32227272727272727272727273
1707373800000,121.32,122.59,120.94,121.74,128.46107357754404727272727273,121.52347187700140727272727273,124.99227272727272727272727273
1707374700000,121.77,122.42,121.21,121.9,128.11695502755643272727272727,121.29849951789811272727272727,124.70772727272727272727272727
1707375600000,121.92,122.24,121.08,121.25,128.12476760940929636363636364,120.84795966331797636363636364,124.48636363636363636363636364
1707376500000,121.23,121.94,120.42,120.77,127.98381214336140363636363636,120.42346058391132363636363636,124.20363636363636363636363636
1707377400000,120.86,121.52,120.67,121.04,127.73813650463080545454545455,120.13277258627828545454545455,123.93545454545454545454545455
1707378300000,121.1,121.21,118.64,119.28,127.82218108563388727272727273,119.46236436891156727272727273,123.64227272727272727272727273
1707379200000,119.31,119.45,117.89,119.0,127.78086006013276545454545455,118.86004903077632545454545455,123.32045454545454545454545455
1707380100000,119.0,120.8,118.81,119.85,127.61825935656411636363636364,118.49446791616315636363636364,123.05636363636363636363636364
1707381000000,119.81,120.51,119.56,120.43,127.23350181911993636363636364,118.33922545360733636363636364,122.78636363636363636363636364
1707381900000,120.32,121.44,119.31,119.6,127.19320990193497272727272727,117.98224464351957272727272727,122.58772727272727272727272727
1707382800000,119.56,122.21,119.5,121.42,126.98615395850675818181818182,117.90020967785687818181818182,122.44318181818181818181818182
1707383700000,121.4,121.68,120.2,120.83,126.79279754760077272727272727,117.77265699785377272727272727,122.28272727272727272727272727
1707384600000,120.87,122.05,120.87,121.52,126.44637155393725454545454545,117.78271935515365454545454545,122.11454545454545454545454545
1707385500000,121.47,123.8,121.4,122.33,125.83562448728700363636363636,118.02164823998572363636363636,121.92863636363636363636363636
1707386400000,122.14,123.6,121.47,123.39,125.22145798604337272727272727,118.35399655941117272727272727,121.78772727272727272727272727
1707387300000,123.38,123.95,122.81,123.17,124.66088024660463818181818182,118.66548338975899818181818182,121.66318181818181818181818182
1707388200000,123.22,123.22,122.27,122.54,124.44559071725826181818181818,118.74804564637810181818181818,121.59681818181818181818181818
1707389100000,122.59,123.11,122.45,123.04,124.30064497485783272727272727,118.81480957059671272727272727,121.55772727272727272727272727
1707390000000,123.06,123.59,122.29,123.25,124.17160308194715090909090909,118.88021509987103090909090909,121.52590909090909090909090909
1707390900000,123.2,123.8,122.95,122.96,124.19235938548395272727272727,118.87309515997059272727272727,121.53272727272727272727272727
1707391800000,122.98,123.52,122.68,123.07,124.16729775374494545454545455,118.88361133716414545454545455,121.52545454545454545454545455
1707392700000,123.09,126.32,123.09,125.09,124.72666798402437818181818182,118.67969565233925818181818182,121.70318181818181818181818182
1707393600000,125.02,125.34,123.43,124.11,124.99650684609589090909090909,118.62531133572229090909090909,121.81090909090909090909090909
1707394500000,124.11,124.16,123.35,123.49,125.14482326976377818181818182,118.62154036659985818181818182,121.88318181818181818181818182
1707395400000,123.5,124.75,123.11,124.49,125.45305577457162545454545455,118.60785331633746545454545455,122.03045454545454545454545455
1707396300000,124.49,125.71,123.41,124.6,125.74072586578389454545454545,118.66836504330701454545454545,122.20454545454545454545454545
1707397200000,124.46,125.94,123.89,125.13,126.08853501693616545454545455,118.69237407397292545454545455,122.39045454545454545454545455
1707398100000,125.09,125.66,124.47,125.22,126.27719580733268545454545455,119.04371328357640545454545455,122.66045454545454545454545455
1707399000000,125.22,126.72,124.87,125.31,126.35197098819598727272727273,119.54257446634946727272727273,122.94727272727272727272727273
1707399900000,125.24,127.5,124.96,126.5,126.68133521962949454545454545,119.81775568946141454545454545,123.24954545454545454545454545
1707400800000,126.35,127.2,125.73,126.81,127.04671461744451454545454545,120.03237629164639454545454545,123.53954545454545454545454545
1707401700000,126.85,127.06,126.17,126.17,127.05994100089627818181818182,120.61642263546735818181818182,123.83818181818181818181818182
1707402600000,126.17,126.31,124.89,125.82,127.17993949857571818181818182,120.89642413778791818181818182,124.03818181818181818181818182
1707403500000,125.82,126.45,125.79,126.41,127.25235643978066181818181818,121.33127992385570181818181818,124.29181818181818181818181818
1707404400000,126.44,126.45,124.93,125.21,127.18142633680133454545454545,121.73766457228957454545454545,124.45954545454545454545454545
1707405300000,125.23,125.68,124.13,125.35,127.17613723475822181818181818,122.01749912887814181818181818,124.59681818181818181818181818
1707406200000,125.28,126.05,124.63,125.15,127.21021967792886181818181818,122.14341668570750181818181818,124.67681818181818181818181818
1707407100000,125.18,126.06,124.86,125.76,127.27712276102447454545454545,122.31196814806643454545454545,124.79454545454545454545454545
1707408000000,125.76,125.78,124.2,124.62,127.17136974705414909090909091,122.60681207112766909090909091,124.88909090909090909090909091
1707408900000,124.62,124.96,123.6,124.4,127.09924382943573090909090909,122.80257435238245090909090909,124.95090909090909090909090909
1707409800000,124.39,124.57,123.58,123.76,127.05856737783798909090909091,122.88961444034382909090909091,124.97409090909090909090909091
1707410700000,123.75,123.79,122.6,123.02,127.05087776160268181818181818,122.90275860203368181818181818,124.97681818181818181818181818
1707411600000,123.01,123.39,120.71,120.93,127.44477078416769454545454545,122.31432012492321454545454545,124.87954545454545454545454545
1707412500000,120.96,123.21,120.96,122.94,127.46846960464336181818181818,122.09516675899300181818181818,124.78181818181818181818181818
1707413400000,122.92,124.98,122.88,124.38,127.47080299732636909090909091,122.11737882085544909090909091,124.79409090909090909090909091
1707414300000,124.4,125.24,124.21,124.57,127.46140041009527818181818182,122.22496322626835818181818182,124.84318181818181818181818182
1707415200000,124.63,125.29,123.77,124.32,127.45879542215584545454545455,122.21211366875324545454545455,124.83545454545454545454545455
1707416100000,124.19,124.28,123.38,123.55,127.46413552951935272727272727,122.11131901593519272727272727,124.78772727272727272727272727
1707417000000,123.54,124.54,123.3,123.77,127.43051566011927090909090909,122.02130252169891090909090909,124.72590909090909090909090909
1707417900000,123.73,124.13,123.27,124.0,127.38228369851192545454545455,121.95862539239716545454545455,124.67045454545454545454545455
1707418800000,124.0,125.32,123.96,124.97,127.35592745013802,121.95407254986198,124.655
1707419700000,124.9,125.13,124.49,124.82,127.15889213287916363636363636,121.99838059439356363636363636,124.57863636363636363636363636
1707420600000,124.69,125.39,124.54,125.25,126.91901083750187272727272727,122.09644370795267272727272727,124.50772727272727272727272727
1707421500000,125.3,126.97,125.21,125.63,126.83658080196239818181818182,122.12978283440123818181818182,124.48318181818181818181818182
1707422400000,125.58,126.07,124.71,124.77,126.72005697573926545454545455,122.15085211516982545454545455,124.43545454545454545454545455
1707423300000,124.8,125.08,124.16,124.82,126.48839313485031818181818182,122.23797050151331818181818182,124.36318181818181818181818182
1707424200000,124.6,125.14,124.42,124.99,126.46438471841437818181818182,122.24197891794925818181818182,124.35318181818181818181818182
1707425100000,124.7,125.22,124.46,125.0,126.42331449289820727272727273,122.25123096164724727272727273,124.33727272727272727272727273
1707426000000,124.92,125.47,124.25,124.45,126.36208663146070545454545455,122.24882245944838545454545455,124.30545454545454545454545455
1707426900000,124.5,125.3,124.11,124.68,126.22128829792698436363636364,122.29143897480028836363636364,124.25636363636363636363636364
1707427800000,124.68,125.23,124.5,124.54,126.21524126172831672727272727,122.29021328372622872727272727,124.25272727272727272727272727
1707428700000,124.64,124.8,123.92,124.59,126.22806179645139236363636364,122.29466547627588036363636364,124.26136363636363636363636364
1707429600000,124.59,126.15,124.59,125.5,126.35939645801196545454545455,122.32151263289712545454545455,124.34045454545454545454545455
1707430500000,125.4,126.11,125.29,125.7,126.47120669893016727272727273,122.45333875561528727272727273,124.46227272727272727272727273
1707431400000,125.75,126.01,124.93,125.26,125.97363762102291109090909091,123.34454419715890709090909091,124.65909090909090909090909091
1707432300000,125.29,126.24,125.12,126.0,125.99828236493365218181818182,123.59808127142998418181818182,124.79818181818181818181818182
1707433200000,126.04,126.11,125.52,125.88,126.13231703855856836363636364,123.60041023416870436363636364,124.86636363636363636363636364
1707434100000,125.73,126.5,125.71,126.22,126.31879597034986236363636364,123.56393130237741036363636364,124.94136363636363636363636364
1707435000000,126.5,127.29,126.36,126.98,126.65107366815615527272727273,123.47347178638929927272727273,125.06227272727272727272727273
1707435900000,127.01,128.17,126.8,127.91,127.11135582245180345454545455,123.40955326845728745454545455,125.26045454545454545454545455
1707436800000,127.86,127.86,126.25,126.91,127.25660505261868418181818182,123.54975858374495218181818182,125.40318181818181818181818182
1707437700000,126.89,127.8,126.57,127.04,127.40896584682734436363636364,123.67376142589992836363636364,125.54136363636363636363636364
1707438600000,127.05,127.68,125.79,125.86,127.43667555309193981818181818,123.72696081054442381818181818,125.58181818181818181818181818
1707439500000,125.98,126.88,125.9,126.88,127.57448518116632945454545455,123.77642390974276145454545455,125.67545454545454545454545455
1707440400000,126.89,127.04,126.44,126.9,127.70584315851824345454545455,123.79506593239084745454545455,125.75045454545454545454545455
1707441300000,126.77,129.5,126.71,128.87,128.24368652075107272727272727,123.55176802470347272727272727,125.89772727272727272727272727
1707442200000,128.87,129.27,128.29,128.39,128.57092634529308727272727273,123.55361910925236727272727273,126.06227272727272727272727273
1707443100000,128.36,128.71,127.7,128.1,128.79570315426789636363636364,123.62702411845937636363636364,126.21136363636363636363636364
1707444000000,128.09,128.35,127.22,127.94,128.96823396828568545454545455,123.72267512262340545454545455,126.34545454545454545454545455
1707444900000,127.99,128.27,127.51,128.01,129.12400034256322727272727273,123.84054511198222727272727273,126.48227272727272727272727273
1707445800000,128.14,128.24,126.88,127.41,129.12916142967292181818181818,124.10447493396344181818181818,126.61681818181818181818181818
1707446700000,127.42,128.1,127.13,127.86,129.17533279677931636363636364,124.34739447594795636363636364,126.76136363636363636363636364
1707447600000,127.75,127.89,127.3,127.63,129.13527971343746181818181818,124.66835665019890181818181818,126.90181818181818181818181818
1707448500000,127.54,128.55,127.4,127.53,129.03968395776992545454545455,125.03122513313916545454545455,127.03545454545454545454545455
1707449400000,127.55,127.55,125.21,125.44,129.04545208179203272727272727,125.02000246366251272727272727,127.03272727272727272727272727
1707450300000,125.57,126.05,125.07,125.57,129.05585634502966181818181818,124.99778001860670181818181818,127.02681818181818181818181818
1707451200000,125.61,125.64,124.27,124.69,129.13154202368163090909090909,124.87027615813655090909090909,127.00090909090909090909090909
1707452100000,124.81,125.96,124.56,125.78,129.14220391530849090909090909,124.83961426650969090909090909,126.99090909090909090909090909
1707453000000,125.83,127.2,125.59,127.19,129.14728745831690545454545455,124.95362163259218545454545455,127.05045454545454545454545455
1707453900000,127.15,127.46,126.11,126.24,129.14677243097363636363636364,124.95595484175363636363636364,127.05136363636363636363636364
1707454800000,126.26,126.86,126.26,126.54,129.13748713662355636363636364,124.92524013610371636363636364,127.03136363636363636363636364
1707455700000,126.55,126.73,126.02,126.34,129.04852274891304,124.87147725108696,126.96
1707456600000,126.34,126.83,126.12,126.47,129.03845830855114,124.84154169144886,126.94
1707457500000,126.5,126.56,125.59,126.11,129.02371309170145272727272727,124.77174145375309272727272727,126.89772727272727272727272727
1707458400000,126.05,126.84,126.05,126.58,129.01326276577744545454545455,124.84764632513164545454545455,126.93045454545454545454545455
1707459300000,126.62,127.53,126.62,126.94,129.01587575863173818181818182,124.85048787773189818181818182,126.93318181818181818181818182
1707460200000,127.01,127.75,126.62,127.44,129.05097991193981272727272727,124.86447463351473272727272727,126.95772727272727272727272727
1707461100000,127.42,127.61,127.03,127.07,128.79745826791951090909090909,124.95435991389867090909090909,126.87590909090909090909090909
1707462000000,127.18,128.14,126.95,127.96,128.72390013185267236363636364,124.98882714087460036363636364,126.85636363636363636363636364
1707462900000,127.83,128.04,125.85,126.21,128.57404165072032545454545455,124.96686744018876545454545455,126.77045454545454545454545455
1707463800000,126.17,126.62,125.99,126.03,128.43685206321705163636363636,124.93042066405567563636363636,126.68363636363636363636363636
1707464700000,125.98,125.98,125.3,125.79,128.27339881029271072727272727,124.89205573516183472727272727,126.58272727272727272727272727
1707465600000,125.64,125.64,123.99,123.99,128.39183311592489527272727273,124.46271233862055927272727273,126.42727272727272727272727273
1707466500000,124.16,124.24,122.57,123.14,128.50770346050773272727272727,123.91775108494681272727272727,126.21272727272727272727272727
1707467400000,123.12,124.5,122.23,123.92,128.44069198023622909090909091,123.64748983794558909090909091,126.04409090909090909090909091
1707468300000,123.98,125.06,123.63,124.33,128.30525825450742363636363636,123.49201447276530363636363636,125.89863636363636363636363636
1707469200000,124.39,124.77,124.21,124.27,128.34035645478686545454545455,123.35055263612222545454545455,125.84545454545454545454545455
1707470100000,124.36,124.45,123.27,123.89,128.39257165795670909090909091,123.14561016022510909090909091,125.76909090909090909090909091
1707471000000,123.87,124.12,123.37,123.76,128.44668707146332181818181818,123.00694929217304181818181818,125.72681818181818181818181818
1707471900000,123.76,124.16,123.04,123.58,128.48953390684468181818181818,122.76410245679168181818181818,125.62681818181818181818181818
1707472800000,123.4,123.69,121.74,122.77,128.43810043513257090909090909,122.41371774668561090909090909,125.42590909090909090909090909
1707473700000,122.78,123.46,122.71,123.24,128.41159301852259454545454545,122.16749789056831454545454545,125.28954545454545454545454545
1707474600000,123.23,123.88,123.22,123.71,128.29943166800523090909090909,122.02238651381295090909090909,125.16090909090909090909090909
1707475500000,123.6,124.45,123.46,123.79,128.18912439032208,121.90087560967792,125.045
1707476400000,123.85,124.37,123.46,123.64,128.04830201642939636363636364,121.78442525629787636363636364,124.91636363636363636363636364
1707477300000,123.59,123.96,123.46,123.59,127.93508621935364181818181818,121.66855014428272181818181818,124.80181818181818181818181818
1707478200000,123.62,123.97,123.47,123.91,127.73465866599354545454545455,121.62625042491554545454545455,124.68045454545454545454545455
1707479100000,123.87,124.25,123.3,123.89,127.44640162160394181818181818,121.63723474203242181818181818,124.54181818181818181818181818
1707480000000,123.85,124.64,123.1,123.22,127.01081327280350,121.68918672719650,124.35
1707480900000,123.29,123.9,122.66,123.57,126.58760309489883090909090909,121.79421508691935090909090909,124.19090909090909090909090909
1707481800000,123.66,124.74,123.55,124.3,125.77173777130269654545454545,122.27735313778821254545454545,124.02454545454545454545454545
1707482700000,124.3,124.3,123.28,123.55,125.37562383214213163636363636,122.43164889513059563636363636,123.90363636363636363636363636
1707483600000,123.57,123.89,122.8,123.57,124.93850727122672581818181818,122.64512909240963781818181818,123.79181818181818181818181818
1707484500000,123.61,123.87,122.86,123.04,124.46004831840325781818181818,122.87358804523310581818181818,123.66681818181818181818181818
1707485400000,122.96,123.12,122.77,122.77,124.47400852178701036363636364,122.74871875094026236363636364,123.61136363636363636363636364
1707486300000,122.76,123.81,122.76,123.0,124.483381776595204,122.726618223404796,123.605
1707487200000,123.0,123.25,122.0,122.05,124.599006276837418,122.440993723162582,123.52
1707488100000,122.04,123.92,120.65,122.32,124.55708333269759163636363636,122.30018939457513563636363636,123.42863636363636363636363636
1707489000000,122.36,122.65,121.46,121.77,124.577231069466788,122.052768930533212,123.315
1707489900000,121.76,122.52,121.28,121.62,124.63058379592383581818181818,121.79305256771252781818181818,123.21181818181818181818181818
1707490800000,121.6,123.53,121.6,122.57,124.57950505638958072727272727,121.73594948906496472727272727,123.15772727272727272727272727
1707491700000,122.63,122.8,121.38,121.6,124.61621547173924472727272727,121.51923907371530072727272727,123.06772727272727272727272727
1707492600000,121.64,122.4,121.2,122.08,124.63484638804975236363636364,121.43788088467752036363636364,123.03636363636363636363636364
1707493500000,122.08,122.1,120.81,121.27,124.70261260303803981818181818,121.19102376059832381818181818,122.94681818181818181818181818
1707494400000,121.3,121.84,121.07,121.33,124.68400693942418363636363636,120.99326578784854363636363636,122.83863636363636363636363636
1707495300000,121.28,121.89,121.28,121.4,124.619425116993862,120.840574883006138,122.73
1707496200000,121.34,121.73,120.67,120.89,124.598094898073664,120.611905101926336,122.605
1707497100000,120.86,121.32,119.72,120.17,124.63527168935935454545454545,120.26381921973155454545454545,122.44954545454545454545454545
1707498000000,120.28,120.94,120.04,120.53,124.52416286371709090909090909,120.06765531810109090909090909,122.29590909090909090909090909
1707498900000,120.58,121.04,120.39,120.88,124.34831998959896909090909091,119.96986182858284909090909091,122.15909090909090909090909091
1707499800000,120.95,121.43,120.39,120.5,124.27764282132764545454545455,119.79326626958144545454545455,122.03545454545454545454545455
1707500700000,120.44,121.03,120.3,120.99,124.09601757760935818181818182,119.74034605875427818181818182,121.91818181818181818181818182
1707501600000,120.97,121.5,120.71,120.78,123.71895751221570018181818182,119.79740612414793618181818182,121.75818181818181818181818182
1707502500000,120.84,121.88,120.56,121.13,123.46042940676182418181818182,119.83593422960181218181818182,121.64818181818181818181818182
1707503400000,121.13,121.71,121.07,121.43,123.15824352000035890909090909,119.94357466181782290909090909,121.55090909090909090909090909
1707504300000,121.4,121.63,120.5,120.68,122.95103080986764963636363636,119.93624191740507763636363636,121.44363636363636363636363636
1707505200000,120.68,121.33,120.43,121.31,122.76939578633404727272727273,119.98514966821140727272727273,121.37727272727272727272727273
1707506100000,121.26,121.69,120.87,120.96,122.49140053016709654545454545,120.07769037892381254545454545,121.28454545454545454545454545
1707507000000,120.99,121.15,120.78,120.97,122.40092327320827745454545455,120.06998581770081345454545455,121.23545454545454545454545455
1707507900000,120.98,121.58,120.6,121.19,122.24911603198552509090909091,120.11906578619629309090909091,121.18409090909090909090909091
1707508800000,121.27,121.92,121.21,121.87,122.26442437003480963636363636,120.11284835723791763636363636,121.18863636363636363636363636
1707509700000,121.87,122.71,121.68,122.13,122.34427546760525781818181818,120.07936089603110581818181818,121.21181818181818181818181818
1707510600000,122.18,122.58,121.7,122.02,122.21799379270890981818181818,120.15564257092745381818181818,121.18681818181818181818181818
1707511500000,121.93,121.97,121.45,121.59,122.21681888358640036363636364,120.15590838914087236363636364,121.18636363636363636363636364
1707512400000,121.6,122.07,121.39,121.54,122.12978956313134981818181818,120.19384680050501381818181818,121.16181818181818181818181818
1707513300000,121.49,121.99,121.45,121.7,122.17432606272492036363636364,120.18840121000235236363636364,121.18136363636363636363636364
1707514200000,121.71,122.34,121.56,122.04,122.26807366216526363636363636,120.15919906510746363636363636,121.21363636363636363636363636
1707515100000,122.04,122.42,121.99,122.42,122.426845008014034,120.093154991985966,121.26
1707516000000,122.31,122.63,121.68,121.85,122.48359854260721963636363636,120.12367418466550763636363636,121.30363636363636363636363636
1707516900000,121.86,122.16,121.55,121.8,122.46469021126384672727272727,120.29076433419069872727272727,121.37772727272727272727272727
1707517800000,121.82,122.04,121.43,121.67,122.45697786369551654545454545,120.40211304539539254545454545,121.42954545454545454545454545
1707518700000,121.53,122.01,121.53,121.87,122.48839011312759454545454545,120.46070079596331454545454545,121.47454545454545454545454545
1707519600000,121.9,122.2,121.51,122.1,122.49867708291436727272727273,120.59586837163108727272727273,121.54727272727272727272727273
1707520500000,122.16,122.75,121.93,122.16,122.55211295003481545454545455,120.64879614087427545454545455,121.60045454545454545454545455
1707521400000,122.14,122.61,122.0,122.35,122.60189415845345181818181818,120.74174220518291181818181818,121.67181818181818181818181818
1707522300000,122.31,122.54,121.88,121.88,122.60862537757665490909090909,120.80319280424152690909090909,121.70590909090909090909090909
1707523200000,121.87,122.32,120.84,121.8,122.61801152049304272727272727,120.82744302496150272727272727,121.72272727272727272727272727
1707524100000,121.78,122.18,121.61,121.79,122.54421150428962618181818182,121.00215213207401018181818182,121.77318181818181818181818182
1707525000000,121.8,121.8,120.83,121.33,122.54297815915153109090909091,121.00520365903028709090909091,121.77409090909090909090909091
1707525900000,121.26,121.27,120.84,120.84,122.56186441646962763636363636,120.97540831080309963636363636,121.76863636363636363636363636
1707526800000,120.84,120.95,119.9,120.68,122.60869920338156145454545455,120.90220988752752945454545455,121.75545454545454545454545455
1707527700000,120.91,121.16,120.6,121.0,122.62622679226740381818181818,120.86740957136895981818181818,121.74681818181818181818181818
1707528600000,121.07,122.23,120.96,122.1,122.64769003124127127272727273,120.86685542330418327272727273,121.75727272727272727272727273
1707529500000,122.11,122.26,121.99,122.1,122.64412812800030290909090909,120.86769005381787890909090909,121.75590909090909090909090909
1707530400000,122.1,122.57,121.9,122.46,122.70584866061552290909090909,120.84596952120265890909090909,121.77590909090909090909090909
1707531300000,122.45,122.56,122.07,122.5,122.79040603250488527272727273,120.84413942204056927272727273,121.81727272727272727272727273
1707532200000,122.45,122.45,121.56,121.56,122.79031417661561218181818182,120.84604945974802418181818182,121.81818181818181818181818182
1707533100000,121.61,121.74,121.43,121.47,122.78961657991533272727272727,120.82583796553921272727272727,121.80772727272727272727272727
1707534000000,121.47,122.36,121.45,121.83,122.77492289978731018181818182,120.82144073657632618181818182,121.79818181818181818181818182
1707534900000,121.82,123.59,121.8,122.72,122.83038466759631381818181818,120.79325169604004981818181818,121.81181818181818181818181818
1707535800000,122.7,122.8,122.27,122.59,122.91446814810168945454545455,120.77644094280740145454545455,121.84545454545454545454545455
1707536700000,122.59,122.63,122.15,122.46,122.97430894515249345454545455,120.77660014575659745454545455,121.87545454545454545454545455
1707537600000,122.4,122.4,121.89,122.03,122.98866716228468781818181818,120.79496920135167581818181818,121.89181818181818181818181818
1707538500000,121.92,121.99,121.36,121.37,122.98731855042841309090909091,120.75086326775340509090909091,121.86909090909090909090909091
1707539400000,121.4,121.65,121.15,121.46,122.965958177812044,120.714041822187956,121.84
1707540300000,121.48,121.67,121.15,121.26,122.94085842389032709090909091,120.65732339429149109090909091,121.79909090909090909090909091
1707541200000,121.24,121.42,120.86,121.24,122.88666169415083163636363636,120.61061103312189563636363636,121.74863636363636363636363636
1707542100000,121.29,121.4,120.91,120.98,122.88784948239543472727272727,120.52760506305911072727272727,121.70772727272727272727272727
1707543000000,120.96,121.31,120.91,121.0,122.88664954293490236363636364,120.45607772979237036363636364,121.67136363636363636363636364
1707543900000,121.06,121.39,120.74,120.82,122.89153941113886727272727273,120.36300604340658727272727273,121.62727272727272727272727273
1707544800000,120.95,121.01,120.41,120.52,122.93202048626912945454545455,120.24888860463996145454545455,121.59045454545454545454545455
1707545700000,120.55,120.73,119.97,120.33,122.97585914722690927272727273,120.15868630731854527272727273,121.56727272727272727272727273
1707546600000,120.33,121.17,120.15,120.75,122.97130464155174545454545455,120.16960444935734545454545455,121.57045454545454545454545455
1707547500000,120.78,121.07,120.74,120.83,122.97788138342504072727272727,120.14757316202950472727272727,121.56272727272727272727272727
1707548400000,120.78,120.96,120.41,120.41,122.95837960724807890909090909,120.01343857457010290909090909,121.48590909090909090909090909
1707549300000,120.41,120.88,120.3,120.8,122.90030984652158781818181818,119.95332651711477581818181818,121.42681818181818181818181818
1707550200000,120.86,121.75,120.85,121.26,122.77592940399809527272727273,119.96861605054735927272727273,121.37227272727272727272727273
1707551100000,121.3,121.8,121.15,121.8,122.67020472394300145454545455,120.01070436696608945454545455,121.34045454545454545454545455
1707552000000,121.78,121.78,120.18,120.84,122.64963814658903272727272727,119.96581639886551272727272727,121.30772727272727272727272727
1707552900000,120.84,121.01,120.68,120.86,122.632519534390942,119.927480465609058,121.28
1707553800000,120.88,121.18,120.21,120.26,122.60258817517525563636363636,119.81468455209747163636363636,121.20863636363636363636363636
1707554700000,120.27,120.35,119.36,119.56,122.457639743273706,119.672360256726294,121.065
1707555600000,119.58,119.87,119.24,119.45,122.30406249970795927272727273,119.54048295483749527272727273,120.92227272727272727272727273
1707556500000,119.39,119.69,119.0,119.37,122.13776986188561181818181818,119.42586650175075181818181818,120.78181818181818181818181818
1707557400000,119.38,119.84,119.26,119.51,122.00777713461934327272727273,119.32676831992611127272727273,120.66727272727272727272727273
1707558300000,119.49,119.62,117.51,117.65,122.30041917883446818181818182,118.69594445752916818181818182,120.49818181818181818181818182
1707559200000,117.62,118.35,116.84,118.0,122.36961139973885090909090909,118.31220678207933090909090909,120.34090909090909090909090909
1707560100000,118.18,118.46,117.9,118.32,122.35975274992888727272727273,118.05479270461656727272727273,120.20727272727272727272727273
1707561000000,118.3,118.87,118.12,118.87,122.27163684114399454545454545,117.92745406794691454545454545,120.09954545454545454545454545
1707561900000,118.86,118.86,117.88,118.66,122.20979239120694909090909091,117.77838942697486909090909091,119.99409090909090909090909091
1707562800000,118.68,118.9,117.56,117.99,122.17691362282046727272727273,117.53763183172498727272727273,119.85727272727272727272727273
1707563700000,117.96,119.04,117.96,118.62,122.09191446983532727272727273,117.42263098471012727272727273,119.75727272727272727272727273
1707564600000,118.56,119.33,118.26,119.11,122.01794484707225818181818182,117.36841878929137818181818182,119.69318181818181818181818182
1707565500000,119.13,119.54,118.67,119.51,121.96487705470833090909090909,117.34694112710985090909090909,119.65590909090909090909090909
1707566400000,119.44,119.58,118.69,119.08,121.84956944254752,117.31043055745248,119.58
1707567300000,119.1,119.46,119.01,119.26,121.71433390702090363636363636,117.30293882025182363636363636,119.50863636363636363636363636
1707568200000,119.35,119.53,118.83,118.88,121.62309814426796909090909091,117.25508367391384909090909091,119.43909090909090909090909091
1707569100000,118.81,119.1,118.63,118.72,121.46383973908047454545454545,117.22525117001043454545454545,119.34454545454545454545454545
1707570000000,118.67,119.08,118.44,119.08,121.19424183523925745454545455,117.29666725566983345454545455,119.24545454545454545454545455
1707570900000,119.05,119.15,117.79,118.28,120.72202220950277145454545455,117.44888688140631945454545455,119.08545454545454545454545455
1707571800000,118.3,118.55,118.22,118.35,120.44391907582478727272727273,117.50062637872066727272727273,118.97227272727272727272727273
1707572700000,118.32,118.81,118.24,118.41,120.09610372541976890909090909,117.62571445639841290909090909,118.86090909090909090909090909
1707573600000,118.4,118.61,116.86,117.87,119.89294130025456727272727273,117.61160415429088727272727273,118.75227272727272727272727273
1707574500000,117.83,118.2,117.62,117.87,119.81581696428506345454545455,117.53509212662402745454545455,118.67545454545454545454545455
1707575400000,117.73,118.39,117.59,118.16,119.72402410606067981818181818,117.50961225757568381818181818,118.61681818181818181818181818
1707576300000,118.15,118.25,117.7,117.83,119.64941654046736181818181818,117.44421982316900181818181818,118.54681818181818181818181818
1707577200000,117.8,117.87,116.54,116.61,119.703251104828134,117.126748895171866,118.415
1707578100000,116.64,116.9,115.53,116.75,119.80605915519528509090909091,116.94212266298653309090909091,118.37409090909090909090909091
1707579000000,116.7,117.4,116.61,117.04,119.86051072116393745454545455,116.80039836974515345454545455,118.33045454545454545454545455
1707579900000,117.13,118.28,116.62,117.73,119.85403274057351163636363636,116.75323998669921563636363636,118.30363636363636363636363636
1707580800000,117.82,117.92,117.2,117.83,119.79819897074507036363636364,116.71452830198220236363636364,118.25636363636363636363636364
1707581700000,117.81,118.63,117.67,118.11,119.76401784577286836363636364,116.69870942695440436363636364,118.23136363636363636363636364
1707582600000,118.08,118.54,117.75,118.4,119.780430717745230,116.719569282254770,118.25
1707583500000,118.35,119.02,118.35,118.95,119.815973301452408,116.714026698547592,118.265
1707584400000,118.88,119.49,118.25,119.4,119.86223457629812218181818182,116.69412906006551418181818182,118.27818181818181818181818182
1707585300000,119.36,119.4,118.79,119.26,119.81861932141677781818181818,116.71501704221958581818181818,118.26681818181818181818181818
1707586200000,119.26,119.48,118.0,118.79,119.78233807607729563636363636,116.72493465119543163636363636,118.25363636363636363636363636
1707587100000,118.72,122.23,118.72,120.68,120.10886108354593018181818182,116.52750255281770618181818182,118.31818181818181818181818182
1707588000000,120.71,121.44,119.69,120.19,120.31989037624385272727272727,116.43556416921069272727272727,118.37772727272727272727272727
1707588900000,120.23,120.99,119.54,119.75,120.44551486435153454545454545,116.40357604473937454545454545,118.42454545454545454545454545
1707589800000,119.71,119.91,119.1,119.69,120.52453922310574727272727273,116.38000623143970727272727273,118.45227272727272727272727273
1707590700000,119.62,120.08,119.25,119.49,120.62212223249810727272727273,116.39242322204734727272727273,118.50727272727272727272727273
1707591600000,119.45,119.52,118.89,119.41,120.70184032178330545454545455,116.40906876912578545454545455,118.55545454545454545454545455
1707592500000,119.4,119.78,119.22,119.32,120.76535674595124181818181818,116.42827961768512181818181818,118.59681818181818181818181818
1707593400000,119.34,119.7,118.94,119.29,120.82404963849193636363636364,116.49867763423533636363636364,118.66136363636363636363636364
1707594300000,119.27,119.69,119.17,119.46,120.89197364837912363636363636,116.57529907889360363636363636,118.73363636363636363636363636
1707595200000,119.47,119.53,118.1,118.6,120.89845290976074363636363636,116.60881981751198363636363636,118.75363636363636363636363636
1707596100000,118.55,119.22,118.47,118.84,120.90621432245237454545454545,116.69287658663853454545454545,118.79954545454545454545454545
1707597000000,118.83,119.51,118.66,119.36,120.81160885158934054545454545,117.03748205750156854545454545,118.92454545454545454545454545
1707597900000,119.28,119.58,118.73,118.85,120.652733346820044,117.387266653179956,119.02
1707598800000,118.84,119.23,118.66,119.08,120.49810784818044872727272727,117.72734669727409672727272727,119.11272727272727272727272727
1707599700000,119.08,119.39,118.83,119.18,120.42567351340078163636363636,117.93159921387194563636363636,119.17863636363636363636363636
1707600600000,119.23,119.35,118.79,119.23,120.34167639733757927272727273,118.14286905720787527272727273,119.24227272727272727272727273
1707601500000,119.21,119.3,118.89,118.99,120.27260658866735527272727273,118.29193886587809927272727273,119.28227272727272727272727273
1707602400000,119.0,119.26,118.94,119.18,120.23211592727754072727272727,118.40333861817700472727272727,119.31772727272727272727272727
1707603300000,119.17,119.17,118.7,118.7,120.24465115683610836363636364,118.36807611589116436363636364,119.30636363636363636363636364
1707604200000,118.73,119.03,118.52,118.52,120.25874452831528236363636364,118.27398274441199036363636364,119.26636363636363636363636364
1707605100000,118.51,118.88,118.46,118.71,120.26047725220019836363636364,118.22225002052707436363636364,119.24136363636363636363636364
1707606000000,118.55,119.03,118.45,118.81,120.25980864253222127272727273,118.22473681201323327272727273,119.24227272727272727272727273
1707606900000,118.7,118.76,118.36,118.63,119.98154421853036109090909091,118.31663759965145709090909091,119.14909090909090909090909091
1707607800000,118.61,119.01,118.58,118.92,119.79292800403311236363636364,118.38979926869416036363636364,119.09136363636363636363636364
1707608700000,118.95,119.28,118.77,119.23,119.71160562990584272727272727,118.42384891554870272727272727,119.06772727272727272727272727
1707609600000,119.25,119.41,118.92,119.3,119.643908471674948,118.456091528325052,119.05
1707610500000,119.26,119.4,119.16,119.32,119.61720139694107127272727273,118.46734405760438327272727273,119.04227272727272727272727273
1707611400000,119.31,119.52,119.1,119.32,119.60379126787902418181818182,118.47257236848461218181818182,119.03818181818181818181818182
1707612300000,119.34,119.44,118.95,119.44,119.62217827551626563636363636,118.46509445175646163636363636,119.04363636363636363636363636
1707613200000,119.47,120.06,119.47,120.0,119.77290678468143490909090909,118.37891139713674690909090909,119.07590909090909090909090909
1707614100000,119.98,120.0,119.15,119.23,119.74579476175617945454545455,118.38511432915291145454545455,119.06545454545454545454545455
1707615000000,119.23,119.23,118.61,118.61,119.74501703763463490909090909,118.38680114418354690909090909,119.06590909090909090909090909
1707615900000,118.6,118.6,117.0,117.41,119.96711834908172490909090909,118.03469983273645690909090909,119.00090909090909090909090909
1707616800000,117.47,118.34,117.47,118.16,119.95966688370590236363636364,117.93306038902137036363636364,118.94636363636363636363636364
1707617700000,118.16,118.77,117.73,118.77,119.95796001484168872727272727,117.92749453061285672727272727,118.94272727272727272727272727
1707618600000,118.76,118.97,118.28,118.46,119.94724231709387654545454545,117.88184859199703254545454545,118.91454545454545454545454545
1707619500000,118.58,118.73,118.24,118.39,119.92673933315354963636363636,117.83053339411917763636363636,118.87863636363636363636363636
1707620400000,118.39,119.07,118.31,118.93,119.902212172561184,117.827787827438816,118.865
1707621300000,118.77,118.79,118.44,118.65,119.88897671988814254545454545,117.81011418920276654545454545,118.84954545454545454545454545
1707622200000,118.7,119.11,118.58,119.04,119.87613673867380018181818182,117.81022689768983618181818182,118.84318181818181818181818182
1707623100000,119.08,119.16,118.67,119.05,119.89351493136187309090909091,117.82466688681994509090909091,118.85909090909090909090909091
1707624000000,119.03,119.7,118.29,119.38,119.94333750669101818181818182,117.85302612967261818181818182,118.89818181818181818181818182
1707624900000,119.35,119.56,118.8,119.36,119.98659342133207072727272727,117.86886112412247472727272727,118.92772727272727272727272727
1707625800000,119.44,119.85,119.3,119.45,120.03611738818289781818181818,117.87751897545346581818181818,118.95681818181818181818181818
1707626700000,119.48,119.76,118.81,118.81,120.036969300781596,117.893030699218404,118.965
1707627600000,118.81,118.95,118.61,118.78,120.03325757308723563636363636,117.88401515418549163636363636,118.95863636363636363636363636
1707628500000,118.72,119.26,118.55,118.85,120.01018278858972236363636364,117.87254448413755036363636364,118.94136363636363636363636364
1707629400000,118.86,119.59,118.79,119.33,120.01344804641507672727272727,117.87200649903946872727272727,118.94272727272727272727272727
1707630300000,119.29,119.36,118.9,118.94,119.98345827929788345454545455,117.86745081161120745454545455,118.92545454545454545454545455
1707631200000,119.0,119.24,118.57,118.57,119.94464069487363236363636364,117.83808657785364036363636364,118.89136363636363636363636364
1707632100000,118.56,118.82,118.2,118.54,119.88506430539879745454545455,117.81584478551029345454545455,118.85045454545454545454545455
1707633000000,118.44,118.66,118.19,118.46,119.69602644368343145454545455,117.86488264722565945454545455,118.78045454545454545454545455
1707633900000,118.33,118.74,118.17,118.23,119.65606164042074,117.81393835957926,118.735
1707634800000,118.24,118.98,118.15,118.97,119.67574638775744036363636364,117.82698088496983236363636364,118.75136363636363636363636364
1707635700000,118.98,119.42,118.92,119.31,119.58220834442466872727272727,118.09324620102987672727272727,118.83772727272727272727272727
1707636600000,119.21,119.96,118.89,119.45,119.62103398033944436363636364,118.17169329238782836363636364,118.89636363636363636363636364
1707637500000,119.46,119.84,119.14,119.52,119.69746710367169145454545455,118.16344198723739945454545455,118.93045454545454545454545455
1707638400000,119.51,120.17,119.3,119.88,119.828868313126458,118.161131686873542,118.995
1707639300000,119.71,119.8,119.29,119.66,119.88691020052236672727272727,118.21854434493217872727272727,119.05272727272727272727272727
1707640200000,119.83,120.37,119.48,120.0,120.02158683961470236363636364,118.18114043311257036363636364,119.10136363636363636363636364
1707641100000,120.0,120.03,119.49,119.98,120.12903793429782181818181818,118.19459842933854181818181818,119.16181818181818181818181818
1707642000000,119.84,120.57,119.84,120.57,120.36008448041749436363636364,118.10264279230977836363636364,119.23136363636363636363636364
1707642900000,120.53,121.28,120.23,120.69,120.58365795072479490909090909,118.02816023109338690909090909,119.30590909090909090909090909
1707643800000,120.81,120.85,120.08,120.78,120.78747579355403654545454545,117.95161511553687254545454545,119.36954545454545454545454545
1707644700000,120.76,121.32,120.59,121.18,121.05822678320087527272727273,117.84631867134457927272727273,119.45227272727272727272727273
1707645600000,121.18,121.36,120.87,120.9,121.23363708628399418181818182,117.80272655007964218181818182,119.51818181818181818181818182
1707646500000,120.82,120.87,120.5,120.55,121.33513119852857127272727273,117.85941425601688327272727273,119.59727272727272727272727273
1707647400000,120.66,120.67,119.68,120.08,121.36724374432025636363636364,117.94548352840701636363636364,119.65636363636363636363636364
1707648300000,119.99,120.58,119.89,120.57,121.44808222522264254545454545,118.02100868386826654545454545,119.73454545454545454545454545
1707649200000,120.52,121.57,120.52,121.57,121.70117213693458036363636364,117.97155513579269236363636364,119.83636363636363636363636364
1707650100000,121.56,121.75,121.35,121.62,121.92044985995608018181818182,117.99591377640755618181818182,119.95818181818181818181818182
1707651000000,121.6,121.64,121.41,121.41,122.04090972545359727272727273,118.13363572909185727272727273,120.08727272727272727272727273
1707651900000,121.4,122.99,121.34,122.78,122.41334564390388,118.14665435609612,120.28
1707652800000,122.78,122.8,120.83,121.48,122.45082923401546727272727273,118.38371622052998727272727273,120.41727272727272727272727273
1707653700000,121.49,121.87,121.14,121.83,122.45741366630655090909090909,118.70440451551163090909090909,120.58090909090909090909090909
1707654600000,121.8,122.32,121.49,122.04,122.55311259789915745454545455,118.88779649300993345454545455,120.72045454545454545454545455
1707655500000,121.86,123.47,121.84,123.1,122.86952157221301872727272727,118.91593297324152672727272727,120.89272727272727272727272727
1707656400000,123.04,123.06,121.96,121.96,122.92627252060243381818181818,119.08736384303392981818181818,121.00681818181818181818181818
1707657300000,121.95,122.53,121.56,122.43,123.03135178953774109090909091,119.24683002864407709090909091,121.13909090909090909090909091
1707658200000,122.49,122.95,122.2,122.95,123.23075684664075163636363636,119.32651588063197563636363636,121.27863636363636363636363636
1707659100000,122.82,123.57,122.69,122.85,123.34698141805252563636363636,119.50029130922020163636363636,121.42363636363636363636363636
1707660000000,122.84,123.1,121.92,122.27,123.37571354110349781818181818,119.67792282253286581818181818,121.52681818181818181818181818
1707660900000,122.28,122.59,121.68,121.75,123.32964088365384927272727273,119.88490457089160527272727273,121.60727272727272727272727273
1707661800000,121.72,122.36,121.44,121.99,123.33942001312222381818181818,120.00421635051413981818181818,121.67181818181818181818181818
1707662700000,122.0,122.4,121.79,121.86,123.337685507299716,120.112314492700284,121.725
1707663600000,121.9,122.9,121.9,122.7,123.41874748805323527272727273,120.20579796649221927272727273,121.81227272727272727272727273
1707664500000,122.72,122.97,122.24,122.9,123.53324017605251745454545455,120.24766891485657345454545455,121.89045454545454545454545455
1707665400000,122.9,122.92,122.02,122.75,123.59517078023951854545454545,120.35392012885139054545454545,121.97454545454545454545454545
1707666300000,122.75,122.94,122.54,122.87,123.615826694768532,120.544173305231468,122.08
1707667200000,122.67,123.42,122.67,123.29,123.57221257001446690909090909,120.87960561180371490909090909,122.22590909090909090909090909
1707668100000,123.25,123.34,122.8,123.16,123.53409151653981563636363636,121.15318121073291163636363636,122.34363636363636363636363636
1707669000000,123.16,123.43,122.84,123.3,123.62640095690129527272727273,121.21814449764415927272727273,122.42227272727272727272727273
1707669900000,123.38,123.46,122.81,123.01,123.66007598966118145454545455,121.31083310124790945454545455,122.48545454545454545454545455
1707670800000,122.99,123.55,122.94,123.33,123.69907586753475672727272727,121.44637867791978872727272727,122.57272727272727272727272727
1707671700000,123.44,123.49,122.35,122.8,123.70068472840556363636363636,121.44658799886716363636363636,122.57363636363636363636363636
1707672600000,122.73,123.15,122.45,122.65,123.64785840653798581818181818,121.60577795709837781818181818,122.62681818181818181818181818
1707673500000,122.66,122.77,122.38,122.54,123.62048968343264109090909091,121.69769213474917709090909091,122.65909090909090909090909091
1707674400000,122.54,122.58,121.57,121.57,123.67137802820395672727272727,121.60407651725058872727272727,122.63772727272727272727272727
1707675300000,121.6,122.05,121.21,121.96,123.63583825026672290909090909,121.53597993155145890909090909,122.58590909090909090909090909
1707676200000,121.95,121.95,121.19,121.44,123.68816521072641927272727273,121.43638024381903527272727273,122.56227272727272727272727273
1707677100000,121.56,122.07,121.28,121.72,123.708674139562214,121.351325860437786,122.53
1707678000000,121.68,121.97,121.36,121.87,123.67537982331675890909090909,121.28643835850142290909090909,122.48090909090909090909090909
1707678900000,121.86,122.03,121.71,121.99,123.64169145336338781818181818,121.24194491027297581818181818,122.44181818181818181818181818
1707679800000,121.99,122.29,121.82,122.09,123.64051883067952963636363636,121.22675389659319763636363636,122.43363636363636363636363636
1707680700000,122.09,122.97,121.82,122.7,123.65028834820715181818181818,121.30334801542921181818181818,122.47681818181818181818181818
1707681600000,122.7,122.8,121.98,122.03,123.64920414280159963636363636,121.30806858447112763636363636,122.47863636363636363636363636
1707682500000,122.02,122.64,121.85,121.97,123.64449099324094163636363636,121.32278173403178563636363636,122.48363636363636363636363636
1707683400000,121.95,122.67,121.87,122.15,123.62345855770791163636363636,121.29381416956481563636363636,122.45863636363636363636363636
1707684300000,122.16,122.17,121.3,121.33,123.62526497013551327272727273,121.14928048440994127272727273,122.38727272727272727272727273
1707685200000,121.31,121.61,120.14,121.56,123.60653653364996218181818182,121.05982710271367418181818182,122.33318181818181818181818182
1707686100000,121.56,121.56,120.89,120.94,123.62064679347235145454545455,120.87026229743673945454545455,122.24545454545454545454545455
1707687000000,120.96,121.16,120.53,121.05,123.52607880635794563636363636,120.76119392091478163636363636,122.14363636363636363636363636
1707687900000,121.08,121.38,120.87,121.21,123.415290744323032,120.694709255676968,122.055
1707688800000,121.24,121.68,121.24,121.48,123.23770016951121727272727273,120.70684528503423727272727273,121.97227272727272727272727273
1707689700000,121.47,121.88,121.12,121.88,123.10264754975858090909090909,120.73917063205960090909090909,121.92090909090909090909090909
1707690600000,121.83,122.1,121.76,122.1,122.87931123070154,120.85068876929846,121.865
